{"stat.useItem.minecraft.bow":14,"stat.pickup.actuallyadditions.itemDust":23,"stat.drop.hatchery.fertilized_dirt":8,"stat.pickup.betterbuilderswands.wandDiamond":1,"stat.pickup.extrautils2.redorchid":1,"stat.pickup.draconicevolution.wyvern_pick":1,"stat.drop.minecraft.redstone":1,"stat.pickup.actuallyadditions.itemCrafterOnAStick":4,"stat.pickup.tconstruct.faucet":1,"stat.craftItem.actuallyadditions.itemPickaxeCrystalGreen":1,"stat.useItem.immersiveengineering.metalDevice1":4,"stat.useItem.fluxnetworks.FluxPlug":5,"stat.mineBlock.refinedstorage.exporter":6,"stat.mineBlock.mob_grinding_utils.wither_muffler":2,"stat.pickup.minecraft.rotten_flesh":6,"stat.useItem.enderio.blockEnchanter":1,"stat.craftItem.ironchest.BlockIronChest":16,"stat.pickup.minecraft.bucket":4,"stat.craftItem.actuallyadditions.itemKnife":1,"achievement.botania:flowerPickup":102,"stat.killEntity.Enderman":8,"stat.pickup.roots.oldRoot":7,"stat.useItem.tp.ReinforcedObsidian":37,"stat.useItem.minecraft.anvil":3,"stat.useItem.actuallyadditions.itemPickaxeObsidian":2,"stat.craftItem.simplyjetpacks.metaItem":1,"stat.pickup.minecraft.brown_mushroom":1,"achievement.buildPickaxe":3,"stat.drop.chisel.laboratory":8,"stat.craftItem.storagedrawers.upgradeTemplate":2,"stat.mineBlock.minecraft.end_stone":135,"stat.useItem.hatchery.pen":5,"stat.pickup.rftools.matter_receiver":7,"stat.pickup.excompressum.heavy_sieve":1,"stat.pickup.exnihiloadscensio.itemSeedAcacia":3,"stat.pickup.botania.pestleAndMortar":1,"stat.craftItem.minecraft.glass_pane":8,"stat.craftItem.mysticalagriculture.ghast_seeds":1,"stat.furnaceInteraction":133,"stat.drop.harvestcraft.juicerItem":1,"stat.useItem.chickens.spawn_egg":2,"stat.pickup.draconicevolution.wyvern_core":1,"stat.pickup.minecraft.nether_brick":4,"stat.useItem.minecraft.end_stone":31,"stat.craftItem.mysticalagriculture.tier3_crafting_seed":2,"stat.mineBlock.minecraft.wooden_button":1,"stat.pickup.forge.bucketFilled":11,"stat.craftItem.actuallyadditions.itemCrystal":217,"stat.pickup.draconicevolution.tool_upgrade":2,"stat.craftItem.botania.fertilizer":29,"stat.pickup.mysticalagriculture.tier1_inferium_seeds":1,"stat.craftItem.botania.pestleAndMortar":1,"stat.useItem.botania.runeAltar":1,"stat.useItem.enderio.blockExperienceObelisk":1,"stat.pickup.botania.rune":2,"stat.craftItem.botania.pool":1,"stat.mineBlock.minecraft.fence":3,"stat.craftItem.mysticalagriculture.tier4_crafting_seed":1,"stat.useItem.minecraft.wheat_seeds":2,"stat.craftItem.draconicevolution.draconium_block":12,"stat.useItem.integrateddynamics.menrilSapling":2,"stat.pickup.minecraft.lever":2,"stat.deaths":4,"stat.useItem.refinedstorage.wireless_transmitter":5,"stat.pickup.minecraft.egg":1023,"stat.craftItem.actuallyadditions.blockEmpowerer":1,"stat.pickup.extrautils2.angelblock":2,"stat.craftItem.minecraft.iron_pickaxe":1,"stat.craftItem.enderio.itemMaterial":305,"stat.craftItem.mysticalagriculture.tier5_crafting_seed":1,"stat.pickup.minecraft.sea_lantern":5,"stat.chestOpened":698,"stat.useItem.draconicevolution.infused_obsidian":7,"stat.craftItem.mysticalagriculture.tier3_mob_chunk":7,"stat.useItem.actuallyadditions.blockEmpowerer":2,"stat.useItem.botania.alchemyCatalyst":1,"stat.craftItem.actuallyadditions.itemCrafterOnAStick":2,"stat.pickup.minecraft.gold_nugget":3,"stat.useItem.chisel.stonebrick":3,"stat.craftItem.minecraft.coal":191,"stat.pickup.exnihiloadscensio.itemOreNickel":68,"stat.mineBlock.chickenchunks.chickenChunkLoader":2,"stat.crouchOneCm":101342,"stat.craftItem.minecraft.iron_ingot":22,"stat.craftItem.mysticalagriculture.tier2_mob_chunk":2,"stat.craftingTableInteraction":1,"stat.craftItem.enderio.blockSagMill":1,"stat.drop.tp.CharcoalBlock":46,"stat.craftItem.tconstruct.pattern":22,"stat.pickup.exnihiloadscensio.itemMaterial":43,"stat.craftItem.betterbuilderswands.wandDiamond":1,"stat.pickup.minecraft.dye":375,"stat.pickup.minecraft.planks":21,"stat.craftItem.exnihiloadscensio.hammerIron":1,"stat.craftItem.extrautils2.pipe":16,"stat.pickup.refinedstorage.wireless_grid":3,"stat.craftItem.minecraft.magma":1,"stat.pickup.exnihiloadscensio.itemSeedPotato":2,"stat.drop.flyringbaublemod.AngelRing":1,"stat.craftItem.enderio.itemMachinePart":15,"stat.craftItem.refinedstorage.wireless_grid":1,"achievement.firstTeleport":25,"stat.useItem.enderio.blockFusedQuartz":29,"stat.pickup.exnihiloadscensio.itemOreLead":68,"stat.pickup.minecraft.chicken":64,"stat.drop.extrautils2.grocket":2,"stat.craftItem.harvestcraft.cottonseedItem":193,"stat.pickup.bigreactors.reactorcasing":186,"stat.useItem.mysticalagriculture.growth_accelerator":21,"stat.craftItem.minecraft.bucket":1,"stat.craftItem.minecraft.planks":400,"stat.craftItem.refinedstorage.wireless_transmitter":1,"stat.pickup.torchmaster.mega_torch":3,"stat.pickup.minecraft.stone_sword":1,"stat.pickup.minecraft.book":1,"stat.useItem.minecraft.stonebrick":17,"stat.pickup.integrateddynamics.menrilBerries":52,"stat.drop.tconstruct.longbow":1,"stat.pickup.minecraft.iron_door":1,"stat.craftItem.exnihiloadscensio.itemMaterial":57,"stat.pickup.draconicevolution.crafting_pedestal":19,"stat.pickup.extrautils2.pipe":5,"stat.mineBlock.integrateddynamics.menrilLogFilled":8,"stat.craftItem.minecraft.cobblestone":62,"stat.craftItem.mysticalagriculture.manyullyn_seeds":1,"draconicevolution.dust":2,"stat.useItem.rftools.crafter3":3,"stat.useItem.rftools.crafter1":1,"stat.craftItem.mysticalagriculture.wither_skeleton_seeds":1,"stat.useItem.enderio.itemLiquidConduit":41,"stat.useItem.quantumstorage.quantumdsu":7,"stat.mineBlock.minecraft.cobblestone":1022,"stat.pickup.minecraft.flint":76,"stat.pickup.refinedstorage.detector":6,"stat.pickup.minecraft.leather_chestplate":1,"stat.useItem.enderio.blockCapBank":68,"stat.craftItem.minecraft.clock":1,"stat.craftItem.botania.avatar":1,"stat.useItem.exnihiloadscensio.crookWood":516,"stat.pickup.bigreactors.reactorcontrolrod":15,"stat.craftItem.mob_grinding_utils.absorption_hopper":1,"stat.useItem.colossalchests.chestWall":1,"stat.pickup.minecraft.iron_boots":1,"stat.craftItem.minecraft.furnace":6,"stat.useItem.storagedrawers.basicDrawers":5,"stat.useItem.extrautils2.spike_wood":4,"stat.mineBlock.minecraft.clay":23,"stat.pickup.actuallyadditions.itemHelmCrystalBlack":1,"stat.useItem.actuallyadditions.blockGiantChest":4,"stat.craftItem.actuallyadditions.itemMisc":89,"stat.useItem.minecraft.wooden_slab":171,"stat.useItem.minecraft.iron_door":5,"stat.craftItem.minecraft.iron_block":15,"stat.craftItem.minecraft.stonebrick":128,"stat.pickup.exnihiloadscensio.itemOreGold":69,"stat.craftItem.mob_grinding_utils.wither_muffler":1,"stat.pickup.extrautils2.angelring":3,"stat.craftItem.refinedstorage.quartz_enriched_iron":64,"stat.craftItem.mysticalagriculture.master_infusion_crystal":1,"stat.useItem.tp.growth_upgrade":69,"stat.entityKilledBy.Skeleton":1,"stat.craftItem.enderio.blockSelfResettingLever60":1,"achievement.buildSword":30,"stat.killEntity.Squid":4,"stat.sprintOneCm":1110218,"stat.useItem.minecraft.diamond_block":3,"stat.pickup.mysticalagriculture.wither_skeleton_chunk":1,"stat.mineBlock.minecraft.stone_slab":5,"stat.pickup.immersiveengineering.tool":2,"stat.craftItem.notenoughwands.wandcore":2,"stat.pickup.extrautils2.passivegenerator":5,"integrateddynamics.meneglinDiscovery":59,"stat.drop.actuallyadditions.itemDrill":1,"stat.pickup.mysticalagriculture.supremium_furnace":1,"stat.craftItem.minecraft.redstone_lamp":2,"stat.craftItem.mysticalagriculture.water_seeds":1,"stat.craftItem.mysticalagriculture.chicken_seeds":1,"stat.useItem.chisel.glowstone":15,"stat.craftItem.excompressum.wooden_crucible":1,"stat.killEntity.Zombie":2,"stat.pickup.flyringbaublemod.AngelRing":4,"stat.pickup.refinedstorage.pattern":3,"stat.craftItem.minecraft.dye":30,"stat.craftItem.harvestcraft.epicbaconItem":3,"stat.pickup.actuallyadditions.blockSmileyCloud":2,"stat.pickup.minecraft.wheat":170,"stat.craftItem.mysticalagriculture.tier2_crafting_seed":4,"stat.pickup.exnihiloadscensio.itemSeedJungle":6,"stat.pickup.draconicevolution.dragon_heart":8,"stat.craftItem.botania.altar":1,"stat.pickup.minecraft.obsidian":3,"stat.mineBlock.botania.spreader":1,"stat.useItem.harvestcraft.toastItem":6,"stat.pickup.exnihiloadscensio.itemPebble":306,"stat.pickup.rftools.smartwrench":2,"stat.useItem.mysticalagriculture.iron_seeds":1,"stat.pickup.minecraft.coal":107,"stat.pickup.minecraft.iron_ingot":21,"stat.craftItem.minecraft.lever":4,"stat.pickup.minecraft.gunpowder":63,"stat.pickup.minecraft.dirt":208,"stat.useItem.ironchest.BlockIronChest":10,"stat.craftItem.draconicevolution.draconic_energy_core":8,"stat.pickup.exnihiloadscensio.itemSeedSugarcane":5,"stat.craftItem.mysticalagriculture.chicken_chunk":1,"stat.pickup.minecraft.iron_axe":2,"stat.craftItem.extrautils2.goldenlasso":1,"stat.mineBlock.minecraft.torch":52,"stat.mineBlock.minecraft.red_flower":10,"stat.pickup.fluxnetworks.FluxPoint":48,"stat.useItem.botania.avatar":2,"stat.pickup.minecraft.magma_cream":1,"stat.pickup.minecraft.ender_eye":2,"stat.craftItem.minecraft.comparator":4,"stat.craftItem.minecraft.sea_lantern":1,"stat.craftItem.minecraft.glowstone":10,"stat.pickup.botania.spreader":1,"stat.craftItem.enderio.blockFusedQuartz":132,"stat.craftItem.extrautils2.compressedsand":12,"stat.pickup.enderio.blockSagMill":7,"stat.craftItem.exnihiloadscensio.blockSieve":6,"stat.useItem.actuallyadditions.blockCompost":1,"stat.craftItem.darkutils.timer":1,"stat.pickup.rftools.rftools_manual":2,"stat.useItem.hatchery.chickenmanure":7,"stat.pickup.mysticalagriculture.zombie_chunk":2,"stat.pickup.actuallyadditions.itemHelmObsidian":1,"stat.useItem.refinedstorage.crafter":28,"stat.mineBlock.exnihiloadscensio.blockSieve":4,"stat.useItem.enderio.itemRedstoneConduit":21,"stat.pickup.exnihiloadscensio.blockSieve":4,"stat.pickup.bigreactors.dustmetals":6,"stat.mineBlock.refinedstorage.cable":14,"stat.drop.minecraft.egg":1,"stat.craftItem.mysticalagriculture.nether_seeds":1,"stat.useItem.minecraft.redstone_ore":12,"stat.craftItem.enderio.itemLiquidConduit":8,"stat.pickup.actuallyadditions.itemCoffeeSeed":1,"stat.mineBlock.immersiveengineering.metalDevice1":4,"stat.pickup.mysticalagriculture.superium_chestplate":2,"stat.mobKills":241,"stat.pickup.minecraft.diamond":6,"stat.pickup.minecraft.beetroot_seeds":1,"stat.useItem.enderio.blockSoulBinder":1,"stat.craftItem.extrautils2.wrench":1,"stat.pickup.rftools.matter_beamer":1,"stat.useItem.betterbuilderswands.wandUnbreakable":71,"stat.pickup.botania.specialFlower":12,"stat.craftItem.rftools.machine_base":3,"stat.useItem.tconstruct.toolforge":1,"stat.useItem.draconicevolution.dislocator_receptacle":1,"stat.craftItem.immersiveengineering.treatedWood":16,"stat.pickup.botania.livingrock":72,"stat.pickup.mysticalagriculture.skeleton_chunk":2,"stat.useItem.botania.twigWand":137,"stat.pickup.enderio.itemPowerConduit":24,"stat.useItem.minecraft.soul_sand":20,"stat.killEntity.Blaze":12,"stat.pickup.mysticalagriculture.iron_essence":3,"stat.pickup.tp.QuartzDust":1,"stat.mineBlock.mob_grinding_utils.absorption_hopper":1,"stat.pickup.harvestcraft.calamarirawItem":6,"stat.pickup.harvestcraft.toastItem":48,"stat.pickup.minecraft.glowstone_dust":12,"stat.useItem.botania.pool":1,"stat.pickup.actuallyadditions.itemSuctionRing":3,"achievement.overpowered":2,"stat.pickup.enderio.itemRedstoneConduit":8,"stat.craftItem.botania.dirtRod":1,"stat.drop.hatchery.chickenmanure":3,"stat.mineBlock.tp.ReinforcedGlass":176,"stat.useItem.exnihiloadscensio.blockCrucible":14,"stat.mineBlock.minecraft.sand":297,"stat.useItem.refinedstorage.network_card":6,"stat.craftItem.harvestcraft.toastItem":50,"stat.pickup.actuallyadditions.itemFlaxSeed":2,"stat.craftItem.simplyjetpacks.itemJetpack":4,"stat.hopperInspected":4,"stat.craftItem.mysticalagriculture.base_crafting_seed":4,"stat.useItem.excompressum.heavy_sieve":3,"stat.pickup.minecraft.ghast_tear":15,"stat.craftItem.baconators.darkonator":3,"stat.craftItem.minecraft.magma_cream":12,"stat.drop.notenoughwands.teleportation_wand":1,"stat.useItem.harvestcraft.applejuiceItem":83,"stat.pickup.minecraft.wooden_button":1,"stat.craftItem.exnihiloadscensio.itemOreIron":13,"stat.pickup.hatchery.pen":6,"stat.useItem.extrautils2.pipe":11,"stat.craftItem.mysticalagriculture.ghast_chunk":3,"achievement.actuallyadditions.nameSmileyCloud":7,"stat.pickup.actuallyadditions.blockTestifiBucksGreenWall":62,"stat.useItem.botania.petal":95,"achievement.environmentaltech.open_guide":1,"stat.useItem.draconicevolution.crafting_pedestal":27,"stat.useItem.actuallyadditions.blockGrinder":1,"stat.pickup.minecraft.pumpkin_seeds":2,"stat.craftItem.immersiveengineering.material":199,"stat.mineBlock.exnihiloadscensio.blockCrucible":1,"achievement.ghast":6,"stat.pickup.minecraft.blaze_rod":13,"stat.pickup.draconicevolution.fusion_crafting_core":1,"stat.drop.minecraft.chest":1,"stat.pickup.minecraft.netherrack":11,"stat.pickup.exnihiloadscensio.itemMesh":5,"stat.pickup.moarsigns.moar_sign":4,"stat.breakItem.excompressum.compressed_crook":1,"stat.craftItem.minecraft.flint":24,"stat.pickup.exnihiloadscensio.blockCrucible":1,"stat.pickup.simplecorn.kernels":12,"stat.useItem.extrautils2.trashcan":2,"stat.pickup.minecraft.melon_seeds":2,"stat.useItem.rftools.matter_receiver":5,"stat.craftItem.tconstruct.toolforge":1,"stat.pickup.mysticalagriculture.prosperity_shard":11,"stat.dropperInspected":7,"stat.craftItem.tp.CharcoalBlock":70,"stat.craftItem.actuallyadditions.blockDisplayStand":5,"stat.useItem.minecraft.furnace":2,"stat.pickup.excompressum.wood_chippings":1226,"stat.pickup.exnihiloadscensio.itemSeedDarkOak":7,"stat.craftItem.tconstruct.materials":29,"stat.useItem.excompressum.compressed_crook":591,"stat.craftItem.moreshears.stoneShears":2,"stat.craftItem.extrautils2.ingredients":9,"stat.mineBlock.mysticalagriculture.supremium_furnace":1,"stat.mineBlock.minecraft.gravel":486,"stat.useItem.chisel.obsidian":8,"stat.craftItem.rftools.machine_frame":1,"stat.drop.minecraft.iron_axe":1,"stat.useItem.chickens.colored_egg":2,"stat.useItem.minecraft.torch":88,"stat.pickup.minecraft.golden_apple":3,"stat.craftItem.minecraft.redstone_block":10,"stat.useItem.minecraft.log":100,"stat.pickup.minecraft.crafting_table":1,"stat.craftItem.minecraft.crafting_table":2,"stat.pickup.extrautils2.grocket":2,"stat.mineBlock.chisel.stonebrick":12,"stat.useItem.refinedstorage.network_receiver":4,"stat.useItem.mysticalagriculture.soulium_dagger":187,"stat.craftItem.minecraft.stone_button":4,"stat.breakItem.exnihiloadscensio.hammerIron":2,"stat.pickup.minecraft.sapling":1149,"stat.pickup.exnihiloadscensio.itemOreCopper":6,"stat.pickup.botania.dirtRod":2,"stat.pickup.mysticalagriculture.growth_accelerator":21,"stat.pickup.integrateddynamics.menrilLog":59,"stat.craftItem.actuallyadditions.itemBattery":1,"stat.pickup.withercrumbs.crumb_star":7,"stat.craftItem.minicoal.miniCharcoal":24,"stat.useItem.enderio.itemItemConduit":93,"stat.craftItem.enderio.blockAlloySmelter":1,"stat.mineBlock.exnihiloadscensio.blockDust":1,"stat.pickup.actuallyadditions.blockGiantChest":2,"stat.pickup.extrautils2.trashcan":2,"ftbl.stat.first_joined":{"value":0,"progress":1529214573284},"stat.craftItem.hatchery.pen":3,"stat.craftItem.mysticalagriculture.tier4_mob_chunk":5,"stat.pickup.refinedstorage.exporter":6,"stat.drop.minecraft.bucket":1,"stat.pickup.minecraft.stone_slab":317,"stat.pickup.minecraft.yellow_flower":20,"stat.pickup.actuallyadditions.itemRiceSeed":7,"stat.drop.minecraft.ghast_tear":7,"stat.craftItem.minecraft.diamond_chestplate":1,"stat.pickup.minecraft.bone":277,"stat.pickup.actuallyadditions.itemCrystal":448,"stat.craftItem.minecraft.sticky_piston":1,"stat.craftItem.ceramics.unfired_clay":2,"stat.pickup.minecraft.redstone_torch":14,"stat.useItem.mysticalagriculture.supremium_furnace":1,"stat.craftItem.minecraft.bone":152,"stat.useItem.enderstorage.enderStorage":4,"stat.mineBlock.minecraft.brown_mushroom":1,"stat.mineBlock.enderio.blockSagMill":7,"stat.drop.draconicevolution.draconic_staff_of_power":1,"stat.craftItem.minecraft.diamond_helmet":1,"achievements.xu2.magical.wood":8,"stat.craftItem.mysticalagriculture.intermedium_essence":2,"stat.pickup.lootbags.itemlootbag":11,"stat.useItem.fluxnetworks.FluxPoint":48,"stat.drop.minecraft.quartz":20,"stat.pickup.exnihiloadscensio.blockNetherrackCrushed":384,"stat.mineBlock.chisel.obsidian":3,"stat.pickup.chisel.marbleextra":5,"stat.craftItem.minecraft.quartz":96,"stat.craftItem.enderio.itemYetaWrench":1,"stat.craftItem.minecraft.stone_pickaxe":1,"stat.drop.actuallyadditions.itemPaxelCrystalGreen":3,"stat.craftItem.actuallyadditions.itemShovelCrystalGreen":1,"stat.useItem.actuallyadditions.itemPickaxeQuartz":12,"stat.craftItem.actuallyadditions.blockPlacer":7,"stat.pickup.minecraft.cobblestone":2764,"stat.craftItem.actuallyadditions.blockCompost":1,"stat.pickup.minecraft.soul_sand":4,"stat.pickup.minecraft.redstone":195,"stat.craftItem.minecraft.book":12,"stat.pickup.chisel.obsidian":3,"stat.drop.extrautils2.angelring":2,"stat.pickup.integrateddynamics.on_the_dynamics_of_integration":1,"stat.craftItem.simplyjetpacks.metaItemMods":8,"stat.mineBlock.fluxnetworks.FluxPlug":2,"stat.useItem.harvestcraft.cottonItem":5,"achievement.spawnWither":276,"stat.pickup.integrateddynamics.menrilSapling":22,"stat.useItem.tconstruct.edible":1,"stat.pickup.exnihiloadscensio.itemOreSilver":2,"stat.pickup.mysticalagriculture.wither_skeleton_seeds":63,"stat.pickup.minecraft.nether_star":12,"stat.craftItem.extrautils2.soundmuffler":1,"stat.pickup.actuallyadditions.itemBootsCrystalBlack":1,"stat.useItem.extrautils2.angelblock":5,"stat.mineBlock.rftools.spawner":1,"stat.craftItem.minecraft.stick":98,"stat.useItem.extrautils2.passivegenerator":13,"stat.craftItem.mysticalagriculture.inferium_block":8,"stat.craftItem.actuallyadditions.blockGrinder":1,"stat.useItem.extrautils2.soundmuffler":9,"stat.useItem.rftools.spawner":2,"stat.craftItem.minecraft.gold_nugget":18,"stat.craftItem.minecraft.clay_ball":120,"stat.pickup.botania.flower":102,"stat.mineBlock.refinedstorage.importer":2,"stat.mineBlock.minecraft.planks":12,"stat.drop":163,"stat.useItem.tp.diamond_cobblegen_block":1,"stat.craftItem.actuallyadditions.itemHoeCrystalGreen":1,"stat.pickup.draconicevolution.draconic_core":6,"stat.killEntity.Sheep":14,"stat.useItem.tconstruct.seared":24,"stat.useItem.draconicevolution.grinder":1,"stat.craftItem.extrautils2.spike_wood":4,"stat.craftItem.minecraft.piston":1,"stat.pickup.immersiveengineering.shaderBag":3,"stat.useItem.exnihiloadscensio.itemMaterial":5,"stat.pickup.refinedstorage.importer":2,"stat.useItem.extrautils2.machine":1,"stat.useItem.mysticalagriculture.ultimate_furnace":1,"stat.useItem.draconicevolution.energy_crystal":1,"stat.useItem.chisel.endstoneextra":8,"stat.pickup.bigreactors.reactorglass":340,"stat.useItem.minecraft.apple":7,"stat.pickup.minecraft.fence":3,"stat.useItem.botania.altar":3,"stat.pickup.exnihiloadscensio.itemOreAluminium":15,"stat.killEntity.Rooster":4,"stat.drop.botania.manaTablet":1,"stat.pickup.extrautils2.bagofholding":2,"stat.useItem.refinedstorage.external_storage":3,"stat.useItem.chickenchunks.chickenChunkLoader":5,"stat.useItem.minecraft.redstone_lamp":2,"stat.mineBlock.tconstruct.tooltables":1,"stat.useItem.enderio.itemSoulVessel":18,"stat.pickup.exnihiloadscensio.hammerStone":1,"stat.craftItem.minecraft.iron_bars":80,"stat.useItem.mob_grinding_utils.null_sword":2,"stat.pickup.minecraft.prismarine_shard":144,"stat.pickup.minecraft.end_crystal":44,"stat.craftItem.storagedrawers.basicDrawers":8,"stat.pickup.tp.growth_upgrade":2,"stat.damageDealt":49141,"stat.craftItem.minecraft.bowl":4,"stat.craftItem.rftools.logic_block":1,"stat.pickup.botania.doubleFlower2":75,"stat.pickup.botania.doubleFlower1":13,"stat.craftItem.mysticalagriculture.nether_cluster":4,"stat.craftItem.immersiveengineering.storage":3,"stat.craftItem.enderio.itemBasicCapacitor":77,"stat.pickup.minecraft.stick":4,"achievement.enchantments":1,"stat.pickup.enderio.blockFusedQuartz":2,"stat.breakItem.minecraft.stone_pickaxe":1,"ftbl.stat.last_seen":{"value":0,"progress":1530780448202},"stat.mineBlock.botania.altar":2,"stat.craftItem.tp.growth_block":6,"stat.craftItem.minecraft.writable_book":3,"stat.craftItem.minecraft.diamond_boots":1,"stat.useItem.rftools.matter_beamer":4,"stat.useItem.enderio.blockVacuumChest":1,"stat.useItem.botania.specialFlower":12,"stat.useItem.torchmaster.mega_torch":15,"stat.craftItem.mysticalagriculture.ultimate_furnace":1,"stat.craftItem.actuallyadditions.itemPaxelCrystalGreen":1,"stat.craftItem.harvestcraft.applejuiceItem":85,"stat.killEntity.Chicken":23,"stat.pickup.exnihiloadscensio.crookWood":1,"stat.pickup.botania.avatar":1,"stat.useItem.minecraft.golden_apple":2,"stat.mineBlock.minecraft.leaves":17180,"stat.useItem.tconstruct.longbow":176,"stat.pickup.actuallyadditions.itemPantsObsidian":1,"stat.pickup.mysticalagriculture.sheep_chunk":1,"stat.useItem.enderio.blockAlloySmelter":5,"stat.pickup.colossalchests.colossalChest":1,"stat.useItem.refinedstorage.grid":3,"stat.drop.exnihiloadscensio.hammerStone":3,"stat.pickup.minecraft.wooden_slab":87,"stat.pickup.draconicevolution.draconium_dust":2,"stat.craftItem.draconicevolution.wyvern_chest":1,"stat.leaveGame":22,"stat.craftItem.rftools.spawner":1,"stat.craftItem.exnihiloadscensio.itemOreCobalt":2,"stat.craftItem.notenoughwands.teleportation_wand":1,"stat.mineBlock.extrautils2.soundmuffler":6,"stat.useItem.minecraft.glowstone":12,"stat.craftItem.minecraft.ender_eye":28,"stat.killEntity.PigZombie":16,"stat.craftItem.minecraft.stone_pressure_plate":1,"stat.useItem.elevatorid.elevator_white":2,"stat.craftItem.storagedrawers.drawerKey":1,"stat.mineBlock.gravestone.gravestone":4,"stat.useItem.tp.ReinforcedGlass":204,"stat.craftItem.exnihiloadscensio.itemOreGold":1,"stat.craftItem.exnihiloadscensio.itemOreArdite":2,"stat.craftItem.enderio.itemSoulVessel":1,"stat.pickup.natura.materials":11,"stat.craftItem.minecraft.noteblock":1,"stat.useItem.tconstruct.throwball":60,"stat.useItem.rftools.matter_transmitter":5,"stat.mineBlock.extrautils2.angelblock":2,"stat.mineBlock.minecraft.wooden_slab":81,"stat.mineBlock.rftools.dialing_device":3,"stat.pickup.tconstruct.piggybackpack":1,"stat.drop.minecraft.sand":2,"stat.useItem.harvestcraft.donutItem":1,"stat.craftItem.tp.ReinforcedObsidian":37,"stat.craftItem.actuallyadditions.blockAtomicReconstructor":1,"stat.craftItem.minecraft.iron_door":6,"stat.mineBlock.minecraft.hopper":2,"stat.mineBlock.botania.flower":102,"stat.craftItem.harvestcraft.juicerItem":1,"stat.craftItem.mysticalagriculture.skeleton_seeds":1,"stat.craftItem.exnihiloadscensio.itemMesh":7,"stat.craftItem.extrautils2.decorativesolidwood":1,"stat.craftItem.excompressum.compressed_crook":1,"stat.pickup.harvestcraft.juicerItem":3,"stat.pickup.botania.livingwood":94,"stat.pickup.minecraft.beef":7,"stat.pickup.chisel.stonebrick":15,"stat.useItem.botania.spreader":3,"achievement.openInventory":2240,"stat.craftItem.actuallyadditions.blockMisc":14,"stat.pickup.mob_grinding_utils.absorption_hopper":1,"stat.pickup.exnihiloadscensio.itemSeedOak":3,"stat.useItem.minecraft.wooden_button":2,"stat.useItem.minecraft.dye":245,"stat.pickup.harvestcraft.cottonItem":453,"stat.useItem.forge.bucketFilled":48,"stat.useItem.enderio.itemPowerConduit":57,"stat.pickup.refinedstorage.cable":14,"stat.craftItem.botania.runeAltar":1,"stat.pickup.rftools.spawner":1,"stat.craftItem.immersiveengineering.metal":48,"stat.drop.minecraft.torch":1,"stat.mineBlock.minecraft.tallgrass":174,"stat.useItem.mob_grinding_utils.absorption_hopper":2,"stat.mineBlock.ironchest.BlockIronChest":4,"stat.useItem.refinedstorage.cable":62,"stat.useItem.minecraft.stone":72,"stat.useItem.bigreactors.reactorglass":13,"stat.pickup.minecraft.arrow":166,"stat.killEntity.Ghast":21,"stat.useItem.minecraft.clay":23,"stat.useItem.darkutils.timer":1,"achievement.killCow":3,"stat.pickup.exnihiloadscensio.itemOreArdite":7,"stat.craftItem.rftools.rftools_manual":1,"stat.mineBlock.integrateddynamics.menrilLog":51,"stat.mineBlock.exnihiloadscensio.blockBarrel1":1,"stat.mineBlock.exnihiloadscensio.blockBarrel0":7,"stat.pickup.actuallyadditions.blockCrystal":68,"stat.pickup.ironchest.BlockIronChest":3,"stat.craftItem.minecraft.wooden_sword":3,"stat.craftItem.draconicevolution.draconic_core":101,"stat.craftItem.draconicevolution.infused_obsidian":10,"stat.useItem.exnihiloadscensio.hammerDiamond":112,"stat.craftItem.minecraft.diamond_shovel":1,"stat.pickup.minecraft.wheat_seeds":147,"stat.pickup.darkutils.material":22,"stat.mineBlock.minecraft.dirt":35,"stat.useItem.refinedstorage.solderer":10,"stat.pickup.immersiveengineering.seed":7,"stat.useItem.minecraft.cobblestone":1040,"stat.craftItem.draconicevolution.energy_crystal":5,"stat.useItem.minecraft.gravel":486,"stat.mineBlock.botania.avatar":1,"stat.pickup.hatchery.nest":1,"stat.mineBlock.enderio.blockFusedQuartz":3,"stat.craftItem.extrautils2.angelblock":20,"stat.pickup.tconstruct.throwball":36,"stat.drop.minecraft.chicken":2,"stat.pickup.actuallyadditions.blockEmpowerer":1,"stat.craftItem.minecraft.gold_ingot":24,"stat.craftItem.mysticalagriculture.charm_fire":2,"stat.pickup.minecraft.hopper":2,"stat.craftItem.minecraft.brewing_stand":2,"stat.useItem.refinedstorage.exporter":11,"stat.pickup.minecraft.apple":114,"stat.craftItem.immersiveengineering.tool":1,"achievement.portal":16,"stat.pickup.tp.CharcoalBlock":2,"stat.mineBlock.fluxnetworks.FluxPoint":11,"stat.mineBlock.minecraft.log":2726,"stat.craftItem.botania.twigWand":1,"achievement.acquireIron":47,"stat.pickup.minecraft.red_flower":11,"stat.pickup.tp.BoneBlock":3,"stat.pickup.minecraft.wool":16,"stat.useItem.minecraft.wooden_axe":50,"stat.pickup.exnihiloadscensio.blockBarrel0":6,"stat.pickup.exnihiloadscensio.blockBarrel1":1,"stat.killEntity.headcrumbs.Human":1,"stat.craftItem.minecraft.diamond_leggings":1,"stat.useItem.minecraft.iron_axe":41,"stat.mineBlock.minecraft.yellow_flower":10,"stat.useItem.refinedstorage.disk_drive":1,"stat.useItem.minecraft.skull":15,"stat.craftItem.rftools.smartwrench":1,"achievement.actuallyadditions.getCrystalsMilestone":{"value":0,"progress":["11"]},"stat.craftItem.minecraft.wool":28,"stat.drop.exnihiloadscensio.crookWood":2,"stat.craftItem.draconicevolution.grinder":1,"stat.pickup.hatchery.animalnet":1,"achievement.buildWorkBench":2,"stat.useItem.botania.dirtRod":12,"stat.useItem.minecraft.obsidian":177,"stat.pickup.refinedstorage.grid":1,"stat.pickup.minecraft.bow":1,"stat.useItem.rftools.logic_block":12,"stat.useItem.minecraft.egg":21,"stat.mineBlock.minecraft.obsidian":3,"stat.drop.baconators.darkonator":3,"stat.craftItem.minecraft.bow":13,"stat.pickup.mysticalagriculture.pig_chunk":3,"stat.flyOneCm":6269699,"stat.craftItem.actuallyadditions.blockGreenhouseGlass":12,"stat.pickup.draconicevolution.wyvern_chest":1,"stat.craftItem.extrautils2.grocket":4,"stat.craftItem.botania.dye":121,"stat.craftItem.immersiveengineering.storageSlab":48,"stat.pickup.baconators.darkonator":6,"stat.timeSinceDeath":188329,"stat.useItem.exnihiloadscensio.blockDust":1,"stat.craftItem.draconicevolution.generator":1,"stat.useItem.actuallyadditions.blockPlacer":7,"stat.mineBlock.botania.livingwood":94,"stat.pickup.hatchery.chickenmanure":358,"stat.craftItem.tp.BoneBlock":24,"stat.useItem.actuallyadditions.itemPaxelCrystalGreen":1442,"stat.mineBlock.enderio.blockCapBank":2,"stat.pickup.minecraft.nether_wart":10,"stat.craftItem.tconstruct.seared":3,"stat.useItem.natura.overworld_seeds":9,"stat.killEntity.Wolf":3,"stat.craftItem.minecraft.stone_hoe":1,"stat.pickup.extrautils2.ingredients":3,"stat.useItem.simplegenerators.lava_generator":30,"stat.pickup.minecraft.string":382,"stat.pickup.botania.manaResource":6,"stat.pickup.mysticalagriculture.supremium_helmet":3,"stat.craftItem.tconstruct.tooltables":2,"stat.craftItem.excompressum.heavy_sieve":2,"stat.craftItem.extrautils2.bagofholding":1,"stat.pickup.extrautils2.soundmuffler":6,"stat.pickup.exnihiloadscensio.itemOreCobalt":6,"stat.craftItem.tconstruct.ingots":4,"stat.craftItem.actuallyadditions.itemSuctionRing":1,"stat.craftItem.chickenchunks.chickenChunkLoader":1,"stat.mineBlock.integrateddynamics.menrilLeaves":160,"achievement.killEnemy":121,"stat.pickup.chisel.laboratory":8,"stat.pickup.refinedstorage.upgrade":25,"stat.craftItem.minecraft.golden_sword":1,"stat.pickup.enderstorage.enderStorage":1,"stat.breakItem.moreshears.stoneShears":2,"stat.diveOneCm":11558,"stat.pickup.fluxnetworks.FluxPlug":2,"stat.pickup.tconstruct.tooltables":1,"stat.useItem.minecraft.sticky_piston":1,"achievement.buildHoe":8,"stat.pickup.mysticalagriculture.superium_boots":3,"stat.useItem.simplegenerators.lava_generator_2":2,"achievement.simplegenerators.craft_lava_gen":1,"stat.craftItem.minecraft.diamond_sword":4,"stat.useItem.minecraft.sand":297,"stat.jump":3077,"stat.pickup.notenoughwands.teleportation_wand":4,"stat.pickup.mysticalagriculture.superium_leggings":3,"stat.pickup.mysticalagriculture.supremium_chestplate":4,"stat.craftItem.actuallyadditions.blockGiantChest":3,"stat.craftItem.minecraft.torch":36,"achievement.makeBread":9,"stat.pickup.mysticalagriculture.soulium_dagger":2,"stat.mineBlock.rftools.matter_transmitter":1,"stat.craftItem.minecraft.glowstone_dust":32,"stat.pickup.refinedstorage.wireless_crafting_monitor":2,"stat.useItem.minecraft.sapling":422,"achievement.blazeRod":6,"stat.craftItem.minecraft.feather":128,"stat.damageTaken":5917,"stat.mineBlock.torchmaster.mega_torch":3,"stat.useItem.minecraft.end_crystal":24,"stat.mineBlock.minecraft.sapling":3,"stat.craftItem.hatchery.animalnet":1,"stat.useItem.exnihiloadscensio.hammerIron":493,"stat.useItem.mob_grinding_utils.spikes":4,"stat.craftItem.mysticalagriculture.supremium_block":3,"stat.useItem.refinedstorage.detector":12,"stat.pickup.botania.altar":2,"stat.drop.botania.petal":12,"stat.craftItem.minecraft.stone_slab":135,"stat.pickup.hatchery.hatcheryegg":79,"stat.useItem.minecraft.chest":8,"stat.craftItem.harvestcraft.pamcottonCrop":10,"stat.mineBlock.integrateddynamics.menrilSapling":14,"stat.craftItem.enderio.itemAlloy":227,"stat.craftItem.mysticalagriculture.skeleton_chunk":3,"stat.pickup.minecraft.ender_pearl":397,"stat.mineBlock.tp.ReinforcedObsidian":3,"stat.useItem.minecraft.netherrack":11,"stat.craftItem.minecraft.bookshelf":1,"stat.mineBlock.minecraft.stonebrick":96,"stat.useItem.botania.livingrock":8,"stat.pickup.exnihiloadscensio.blockEndstoneCrushed":135,"stat.mineBlock.chisel.laboratory":4,"stat.craftItem.botania.spreader":2,"stat.mineBlock.enderstorage.enderStorage":3,"stat.pickup.minecraft.torch":59,"stat.breakItem.exnihiloadscensio.crookWood":4,"stat.pickup.integrateddynamics.crystalizedMenrilChunk":19,"stat.pickup.mysticalagriculture.supremium_leggings":3,"stat.drop.shear.clipper":1,"stat.useItem.refinedstorage.network_transmitter":4,"stat.drop.actuallyadditions.itemCrafterOnAStick":1,"stat.pickup.immersiveengineering.metalDevice1":4,"stat.craftItem.actuallyadditions.itemAxeCrystalGreen":1,"stat.drop.botania.dirtRod":1,"stat.useItem.minecraft.planks":21,"stat.pickup.minecraft.porkchop":20,"stat.pickup.minecraft.blaze_powder":13,"stat.pickup.minecraft.glass":40,"stat.craftItem.hatchery.nest":3,"stat.useItem.minecraft.water_bucket":4,"achievements.xu2.wrench":17756,"stat.pickup.minecraft.sand":505,"stat.craftItem.minecraft.golden_apple":5,"stat.craftItem.minicoal.miniCoal":28,"stat.craftItem.exnihiloadscensio.blockCrucible":16,"achievement.diamonds":5,"stat.pickup.refinedstorage.crafter":6,"stat.useItem.chisel.netherrack":8,"achievement.buildBetterPickaxe":3,"stat.pickup.actuallyadditions.itemBooklet":1,"stat.drop.ceramics.clay_bucket":1,"stat.craftItem.mysticalagriculture.superium_block":2,"stat.pickup.actuallyadditions.blockTestifiBucksWhiteWall":64,"stat.craftItem.refinedstorage.machine_casing":5,"stat.useItem.refinedstorage.wireless_crafting_monitor":1,"stat.craftItem.cookingforblockheads.sink":1,"stat.mineBlock.botania.doubleFlower2":75,"stat.mineBlock.botania.doubleFlower1":13,"stat.craftItem.minecraft.ender_pearl":28,"stat.useItem.minecraft.redstone":13,"stat.useItem.integrateddynamics.dryingBasin":1,"achievement.overkill":4,"achievement.mineWood":267,"stat.breakItem.exnihiloadscensio.hammerStone":15,"stat.pickup.minecraft.skull":11,"stat.mineBlock.extrautils2.passivegenerator":5,"stat.craftItem.minecraft.netherrack":800,"stat.drop.tconstruct.broadsword":1,"stat.craftItem.chickens.colored_egg":3,"stat.pickup.rftools.logic_block":8,"stat.craftItem.moarsigns.moar_sign":3,"stat.useItem.minecraft.hopper":1,"stat.craftItem.botania.manaTablet":1,"stat.drop.extrautils2.passivegenerator":1,"stat.useItem.hatchery.animalnet":76,"stat.useItem.immersiveengineering.storageSlab":15,"stat.playOneMinute":2382758,"stat.useItem.exnihiloadscensio.hammerStone":1862,"stat.craftItem.mysticalagriculture.growth_accelerator":2,"stat.pickup.mysticalagriculture.iron_seeds":1,"stat.pickup.natura.overworld_seeds":15,"stat.pickup.minecraft.iron_bars":3,"stat.craftItem.immersiveengineering.metalDecoration2":9,"stat.craftItem.tp.growth_upgrade":1,"stat.mineBlock.minecraft.netherrack":387,"stat.craftItem.draconicevolution.wyvern_shovel":1,"stat.craftItem.immersiveengineering.metalDecoration1":384,"stat.pickup.exnihiloadscensio.itemSeedBirch":4,"stat.pickup.botania.manaTablet":1,"stat.mineBlock.tconstruct.faucet":1,"stat.mineBlock.bigreactors.reactorglass":404,"stat.pickup.mysticalagriculture.supremium_essence":32,"stat.fallOneCm":60126,"stat.useItem.bigreactors.reactorcasing":190,"stat.craftItem.draconicevolution.crafting_pedestal":10,"stat.craftItem.minecraft.chest":24,"stat.mineBlock.minecraft.lever":1,"stat.mineBlock.botania.livingrock":71,"stat.craftItem.hatchery.fertilized_dirt":10,"stat.craftItem.mysticalagriculture.tier5_mob_chunk":3,"stat.pickup.minecraft.feather":279,"stat.drop.extrautils2.pipe":1,"stat.craftItem.mysticalagriculture.wither_skeleton_chunk":3,"stat.useItem.refinedstorage.wireless_grid":1,"stat.useItem.minecraft.stone_pickaxe":142,"stat.craftItem.draconicevolution.wyvern_core":10,"stat.pickup.mysticalagriculture.wither_skeleton_essence":9,"stat.mineBlock.refinedstorage.detector":6,"stat.craftItem.draconicevolution.wyvern_boots":1,"stat.pickup.enderio.itemItemConduit":21,"stat.craftItem.draconicevolution.dislocator":1,"stat.useItem.extrautils2.grocket":6,"stat.craftItem.extrautils2.compressedgravel":27,"stat.mineBlock.enderio.blockConduitBundle":54,"stat.craftItem.ceramics.clay_bucket":3,"stat.killEntity.LavaSlime":4,"stat.pickup.minecraft.log":3965,"achievement.theEnd2":1,"stat.pickup.mysticalagriculture.ghast_chunk":1,"stat.craftItem.enderio.itemItemConduit":16,"stat.pickup.tconstruct.broadsword":1,"stat.pickup.actuallyadditions.blockDisplayStand":1,"stat.useItem.minecraft.stone_hoe":28,"stat.pickup.actuallyadditions.blockTinyTorch":2,"stat.pickup.randomthings.lavaCharm":4,"stat.useItem.enderio.blockInhibitorObelisk":1,"stat.drop.botania.livingrock":1,"stat.sneakTime":43182,"stat.drop.enderio.itemItemConduit":1,"stat.mineBlock.hatchery.nest":1,"stat.mineBlock.mob_grinding_utils.tank":1,"stat.craftItem.minecraft.enchanting_table":1,"stat.pickup.simplyjetpacks.itemFluxpack":1,"stat.mineBlock.bigreactors.reactorcasing":42,"stat.useItem.actuallyadditions.blockDisplayStand":5,"stat.mineBlock.mysticalagriculture.growth_accelerator":21,"stat.craftItem.draconicevolution.wyvern_sword":1,"stat.pickup.shear.clipper":1,"stat.useItem.rftools.dialing_device":7,"stat.craftItem.botania.petal":502,"stat.craftItem.botania.alchemyCatalyst":1,"stat.swimOneCm":15854,"stat.craftItem.integrateddynamics.dryingBasin":1,"stat.pickup.tconstruct.arrow":3,"stat.mineBlock.tp.growth_upgrade":2,"stat.mineBlock.rftools.logic_block":8,"stat.useItem.minecraft.dirt":72,"achievement.exploreAllBiomes":{"value":0,"progress":["Birch Forest Hills","ForestHills","The Beneath","Roofed Forest","Birch Forest","Forest","Plains","Meneglin","The End","Hell"]},"stat.useItem.gyth.modular_tank":2,"stat.useItem.botania.fertilizer":29,"stat.pickup.roots.verdantSprig":1,"stat.drop.minecraft.ender_pearl":1,"stat.craftItem.draconicevolution.draconic_ingot":222,"stat.useItem.hatchery.hatcheryegg":9,"stat.pickup.minecraft.clay":13,"stat.useItem.exnihiloadscensio.blockBarrel0":6,"stat.useItem.exnihiloadscensio.blockBarrel1":1,"stat.pickup.minecraft.glass_bottle":49,"stat.drop.minecraft.wheat_seeds":5,"stat.craftItem.minecraft.wooden_slab":186,"stat.useItem.actuallyadditions.blockSmileyCloud":2,"stat.useItem.tconstruct.broadsword":10,"stat.pickup.actuallyadditions.itemFood":7,"stat.drop.minecraft.log":9,"stat.pickup.minecraft.mutton":27,"achievement.theEnd":2,"stat.pickup.rftools.matter_transmitter":3,"stat.useItem.minecraft.lever":4,"stat.useItem.enderio.blockSagMill":8,"stat.pickup.chisel.chisel_diamond":1,"achievements.xu2.techtree.start":22,"stat.pickup.minecraft.stonebrick":12,"stat.craftItem.draconicevolution.tool_upgrade":11,"stat.pickup.exnihiloadscensio.hammerIron":1,"stat.mineBlock.extrautils2.trashcan":2,"stat.mineBlock.minecraft.nether_brick":2,"stat.pickup.mob_grinding_utils.wither_muffler":2,"stat.pickup.mysticalagriculture.cow_chunk":1,"stat.pickup.draconicevolution.energy_crystal":1,"stat.craftItem.botania.manaResource":4,"stat.craftItem.actuallyadditions.itemBatteryDouble":1,"stat.pickup.enderio.itemLiquidConduit":12,"stat.craftItem.draconicevolution.particle_generator":2,"stat.craftItem.enderio.itemRedstoneConduit":8,"stat.useItem.minecraft.stone_slab":20,"stat.craftItem.draconicevolution.wyvern_energy_core":1,"stat.useItem.refinedstorage.importer":23,"stat.craftItem.minecraft.stone":75,"stat.mineBlock.minecraft.crafting_table":1,"stat.craftItem.mysticalagriculture.charm_blank":2,"stat.pickup.draconicevolution.draconic_staff_of_power":1,"stat.drop.minecraft.golden_apple":3,"stat.craftItem.natura.materials":75,"stat.pickup.mysticalagriculture.chicken_chunk":5,"stat.useItem.mob_grinding_utils.wither_muffler":2,"achievement.buildFurnace":5,"stat.craftItem.draconicevolution.wyvern_legs":1,"stat.useItem.draconicevolution.fusion_crafting_core":2,"stat.craftItem.minecraft.diamond_pickaxe":1,"stat.craftItem.draconicevolution.wyvern_pick":1,"stat.craftItem.actuallyadditions.blockCrystal":21,"stat.craftItem.draconicevolution.dislocator_receptacle":1,"stat.craftItem.exnihiloadscensio.hammerStone":16,"stat.mineBlock.exnihiloadscensio.blockInfestedLeaves":296,"stat.pickup.minecraft.gravel":955,"stat.craftItem.draconicevolution.wyvern_bow":1,"stat.useItem.minecraft.glass_bottle":171,"stat.craftItem.immersiveengineering.metalDevice1":7,"stat.pickup.exnihiloadscensio.itemSeedSpruce":3,"stat.pickup.tp.ReinforcedGlass":111,"stat.pickup.chickenchunks.chickenChunkLoader":3,"stat.useItem.cookingforblockheads.sink":1,"stat.pickup.rftools.dialing_device":40,"stat.craftItem.enderio.itemPowerConduit":48,"stat.craftItem.flyringbaublemod.AngelRing":2,"stat.pickup.actuallyadditions.itemPaxelCrystalGreen":7,"stat.useItem.tconstruct.tooltables":2,"stat.useItem.rftools.smartwrench":14,"stat.useItem.actuallyadditions.itemRiceSeed":2,"stat.craftItem.minecraft.bread":38,"stat.useItem.minecraft.stone_button":4,"stat.craftItem.extrautils2.chickenring":4,"stat.mineBlock.minecraft.iron_bars":1,"stat.pickup.mysticalagriculture.experience_chunk":3,"stat.pickup.minecraft.leather":5,"stat.craftItem.exnihiloadscensio.crookWood":10,"stat.dispenserInspected":4,"stat.mineBlock.rftools.matter_receiver":2,"stat.useItem.enderio.blockSliceAndSplice":2,"stat.pickup.mysticalagriculture.fertilized_essence":1,"stat.pickup.exnihiloadscensio.itemOreIron":149,"stat.craftItem.mysticalagriculture.tier1_crafting_seed":6,"stat.useItem.minecraft.magma":1,"stat.pickup.tconstruct.materials":3,"stat.craftItem.minecraft.glass":43,"stat.pickup.exnihiloadscensio.itemSeedCarrot":5,"stat.craftItem.minecraft.cauldron":1,"stat.killEntity.Cow":5,"stat.mineBlock.excompressum.heavy_sieve":1,"stat.killEntity.Pig":10,"stat.useItem.enderio.blockSelfResettingLever60":1,"stat.walkOneCm":3437419,"stat.craftItem.excompressum.compressed_block":28,"stat.craftItem.quantumstorage.quantumdsu":1,"stat.pickup.minecraft.clay_ball":176,"stat.craftItem.elevatorid.elevator_white":2,"stat.pickup.mysticalagriculture.inferium_essence":41,"stat.mineBlock.hatchery.pen":6,"stat.useItem.betterbuilderswands.wandDiamond":60,"stat.useItem.exnihiloadscensio.blockSieve":10,"stat.pickup.minecraft.stone":10,"stat.craftItem.minecraft.hay_block":8,"stat.pickup.mysticalagriculture.superium_helmet":3,"stat.killEntity.Skeleton":47,"stat.craftItem.minecraft.skull":33,"stat.mineBlock.botania.specialFlower":5,"stat.mineBlock.minecraft.redstone_torch":10,"stat.mineBlock.rftools.matter_beamer":1,"stat.craftItem.tp.ReinforcedGlass":10,"stat.killEntity.Spider":1,"stat.pickup.tconstruct.longbow":4,"stat.craftItem.exnihiloadscensio.hammerDiamond":1,"stat.pickup.exnihiloadscensio.blockDust":296,"stat.craftItem.simplegenerators.lava_generator":1,"stat.pickup.enderio.blockCapBank":2,"stat.pickup.minecraft.quartz":574,"stat.useItem.excompressum.wooden_crucible":1,"stat.pickup.mysticalagriculture.draconium_seeds":1,"stat.pickup.minecraft.water_bucket":1,"stat.useItem.bigreactors.reactorcontrolrod":15,"stat.pickup.mysticalagriculture.supremium_boots":3,"stat.pickup.tp.ReinforcedObsidian":3,"stat.craftItem.minecraft.coal_block":1,"stat.useItem.actuallyadditions.blockAtomicReconstructor":1,"stat.craftItem.draconicevolution.fusion_crafting_core":1,"stat.craftItem.actuallyadditions.itemSwordCrystalGreen":1,"stat.mineBlock.minecraft.stone":33,"stat.mineBlock.refinedstorage.crafter":6,"stat.craftItem.actuallyadditions.itemDrill":1}