{"stat.useItem.minecraft.bow":1,"stat.pickup.actuallyadditions.itemDust":16,"stat.drop.exnihiloadscensio.hammerStone":1,"stat.pickup.minecraft.wooden_slab":407,"stat.pickup.integrateddynamics.dryingBasin":2,"stat.leaveGame":9,"stat.pickup.betterbuilderswands.wandDiamond":1,"stat.craftItem.mysticalagriculture.infusion_crystal":1,"stat.drop.minecraft.gunpowder":1,"stat.mineBlock.colossalchests.chestWall":2,"stat.craftItem.fluxnetworks.FluxPlug":1,"stat.pickup.actuallyadditions.itemPickaxeObsidian":4,"stat.drop.minecraft.redstone":2,"stat.pickup.tconstruct.edible":8,"stat.pickup.actuallyadditions.itemCrafterOnAStick":5,"stat.craftItem.mob_grinding_utils.tank":2,"stat.craftItem.minecraft.ender_eye":5,"stat.useItem.immersiveengineering.metalDevice1":30,"stat.useItem.fluxnetworks.FluxPlug":1,"stat.mineBlock.gravestone.gravestone":5,"stat.craftItem.exnihiloadscensio.itemOreGold":20,"stat.pickup.immersiveengineering.treatedWood":6,"stat.pickup.minecraft.rotten_flesh":282,"stat.pickup.minecraft.bucket":2,"stat.drop.rftoolsdim.dimlet_control_circuit":1,"stat.killEntity.Enderman":8,"stat.mineBlock.extrautils2.angelblock":1,"stat.mineBlock.minecraft.wooden_slab":478,"stat.pickup.roots.oldRoot":4,"stat.useItem.actuallyadditions.itemPickaxeObsidian":243,"stat.pickup.minecraft.brown_mushroom":4,"achievement.buildPickaxe":8,"stat.craftItem.exnihiloadscensio.blockBarrel1":2,"stat.craftItem.exnihiloadscensio.blockBarrel0":16,"stat.craftItem.mysticalagriculture.inferium_essence":4,"stat.useItem.harvestcraft.donutItem":1,"stat.craftItem.excompressum.bait":1,"stat.useItem.colossalchests.interface":1,"stat.useItem.hatchery.pen":1,"stat.pickup.exnihiloadscensio.itemSeedAcacia":3,"stat.craftItem.minecraft.glass_pane":16,"stat.drop.immersiveengineering.seed":1,"stat.mineBlock.excompressum.auto_hammer":1,"stat.furnaceInteraction":120,"stat.useItem.chickens.spawn_egg":1,"stat.craftItem.exnihiloadscensio.itemOreNickel":20,"stat.craftItem.exnihiloadscensio.itemMesh":6,"stat.craftItem.excompressum.compressed_crook":12,"stat.pickup.harvestcraft.juicerItem":2,"stat.pickup.minecraft.prismarine":5,"stat.craftItem.mysticalagriculture.tier3_crafting_seed":2,"stat.useItem.minecraft.fence":36,"stat.craftItem.environmentaltech.sand_enriched":99,"stat.pickup.mysticalagriculture.tier1_inferium_seeds":130,"achievement.openInventory":1197,"stat.craftItem.actuallyadditions.blockMisc":3,"stat.mineBlock.minecraft.fence":1,"stat.useItem.minecraft.flint_and_steel":9,"stat.pickup.exnihiloadscensio.itemSeedOak":2,"stat.useItem.minecraft.wheat_seeds":49,"stat.drop.simplecorn.kernels":2,"stat.useItem.minecraft.dye":455,"stat.pickup.actuallyadditions.itemHoeQuartz":1,"stat.drop.enderio.blockCapBank":1,"stat.pickup.minecraft.lever":1,"stat.deaths":6,"stat.useItem.tconstruct.smeltery_io":1,"stat.pickup.minecraft.egg":112,"stat.pickup.extrautils2.angelblock":1,"stat.useItem.enderio.itemPowerConduit":19,"stat.craftItem.immersiveengineering.metal":10,"stat.drop.minecraft.iron_ingot":16,"stat.mineBlock.minecraft.tallgrass":84,"stat.useItem.mob_grinding_utils.absorption_hopper":1,"stat.chestOpened":564,"stat.craftItem.minecraft.mossy_cobblestone":1,"stat.useItem.moarsigns.moar_sign":7,"stat.pickup.immersiveengineering.material":23,"stat.useItem.minecraft.stone":5,"stat.pickup.minecraft.arrow":233,"stat.useItem.tp.cobblegen_block":1,"stat.useItem.minecraft.clay":27,"stat.pickup.exnihiloadscensio.itemOreNickel":84,"stat.pickup.minecraft.carrot":1,"stat.crouchOneCm":236846,"stat.craftItem.minecraft.iron_ingot":106,"stat.craftItem.minecraft.hopper":1,"stat.craftingTableInteraction":5,"stat.pickup.minecraft.nether_brick_fence":1,"stat.mineBlock.tconstruct.rack":1,"stat.mineBlock.exnihiloadscensio.blockBarrel1":2,"stat.mineBlock.integrateddynamics.dryingBasin":1,"stat.craftItem.tconstruct.pattern":11,"stat.pickup.mysticalagriculture.redstone_essence":2,"stat.pickup.exnihiloadscensio.itemMaterial":319,"stat.craftItem.betterbuilderswands.wandDiamond":2,"stat.craftItem.minecraft.wooden_sword":1,"stat.pickup.minecraft.dye":232,"stat.pickup.minecraft.planks":428,"stat.craftItem.exnihiloadscensio.hammerIron":1,"stat.pickup.minecraft.wheat_seeds":144,"stat.craftItem.extrautils2.pipe":32,"stat.mineBlock.minecraft.dirt":90,"stat.useItem.exnihiloadscensio.hammerWood":65,"stat.drop.excompressum.wood_chippings":41,"stat.pickup.exnihiloadscensio.itemSeedPotato":4,"stat.pickup.tconstruct.pattern":1,"stat.drop.minecraft.paper":3,"stat.pickup.immersiveengineering.seed":2,"stat.useItem.minecraft.bread":3,"stat.drop.minecraft.rotten_flesh":3,"stat.useItem.minecraft.cobblestone":1730,"stat.useItem.minecraft.gravel":258,"stat.mineBlock.minecraft.double_plant":2,"stat.craftItem.extrautils2.angelblock":1,"stat.pickup.exnihiloadscensio.itemOreLead":87,"stat.pickup.minecraft.hopper":1,"stat.drop.minecraft.sapling":1,"stat.pickup.minecraft.chicken":5,"stat.useItem.actuallyadditions.itemAxeObsidian":1161,"stat.pickup.minecraft.apple":131,"stat.pickup.minecraft.banner":1,"stat.craftItem.enderio.blockCapBank":1,"stat.craftItem.minecraft.bucket":2,"stat.craftItem.minecraft.planks":2453,"stat.craftItem.fluxnetworks.FluxBlock":1,"stat.mineBlock.minecraft.log":1205,"achievement.acquireIron":3,"stat.pickup.minecraft.red_flower":14,"stat.pickup.minecraft.wool":2,"stat.pickup.immersiveengineering.connector":12,"stat.craftItem.exnihiloadscensio.itemMaterial":40,"stat.drop.exnihiloadscensio.itemSeedPotato":3,"stat.useItem.minecraft.wooden_axe":176,"stat.useItem.actuallyadditions.itemSwordCrystalBlue":107,"stat.pickup.extrautils2.pipe":26,"stat.craftItem.minecraft.cobblestone":161,"stat.cakeSlicesEaten":20,"stat.useItem.rftools.crafter2":2,"stat.killEntity.headcrumbs.Human":57,"stat.pickup.exnihiloadscensio.blockBarrel1":3,"stat.mineBlock.cookingforblockheads.sink":1,"stat.useItem.enderio.itemLiquidConduit":6,"stat.mineBlock.minecraft.cobblestone":2030,"stat.pickup.minecraft.stone_pickaxe":1,"stat.pickup.minecraft.flint":21,"stat.mineBlock.minecraft.yellow_flower":4,"stat.pickup.minecraft.leather_chestplate":1,"stat.pickup.colossalchests.chestWall":6,"achievement.actuallyadditions.getCrystalsMilestone":{"value":0,"progress":["1"]},"stat.useItem.enderio.blockCapBank":1,"achievement.buildWorkBench":27,"stat.useItem.exnihiloadscensio.crookWood":645,"stat.craftItem.mob_grinding_utils.absorption_hopper":1,"stat.pickup.hatchery.fertilized_dirt":12,"stat.useItem.botania.dirtRod":176,"stat.useItem.minecraft.obsidian":27,"stat.useItem.colossalchests.chestWall":33,"stat.pickup.minecraft.bow":12,"stat.pickup.minecraft.iron_boots":1,"stat.craftItem.minecraft.furnace":37,"stat.useItem.minecraft.egg":14,"stat.useItem.storagedrawers.basicDrawers":3,"stat.pickup.actuallyadditions.blockMisc":1,"stat.craftItem.minecraft.bow":1,"stat.useItem.immersiveengineering.metalDecoration2":2,"stat.mineBlock.minecraft.clay":50,"stat.craftItem.environmentaltech.photovoltaic_cell":30,"stat.useItem.actuallyadditions.blockGiantChest":11,"stat.flyOneCm":2034281,"stat.craftItem.actuallyadditions.itemMisc":26,"stat.pickup.minecraft.fish":4,"stat.craftItem.extrautils2.grocket":12,"stat.pickup.excompressum.auto_hammer":2,"stat.useItem.excompressum.auto_hammer":1,"stat.timeSinceDeath":4117,"stat.useItem.exnihiloadscensio.blockDust":1,"stat.useItem.minecraft.wooden_slab":727,"stat.craftItem.minecraft.iron_block":6,"stat.pickup.rftoolsdim.dimlet_base":1,"stat.pickup.hatchery.chickenmanure":56,"stat.mineBlock.excompressum.bait":5,"stat.craftItem.minecraft.stonebrick":5,"stat.craftItem.exnihiloadscensio.hammerWood":1,"stat.pickup.exnihiloadscensio.itemOreGold":130,"stat.mineBlock.enderio.blockCapBank":1,"stat.craftItem.tconstruct.seared":18,"stat.useItem.tconstruct.rack":16,"stat.killEntity.Creeper":99,"stat.pickup.extrautils2.angelring":1,"stat.pickup.minecraft.wooden_sword":1,"stat.pickup.minecraft.string":155,"stat.pickup.rftoolsdim.dimlet_control_circuit":1,"stat.useItem.minecraft.milk_bucket":1,"achievement.buildSword":3,"stat.craftItem.environmentaltech.solar_1":1,"stat.craftItem.tconstruct.tooltables":5,"stat.sprintOneCm":2142393,"stat.mineBlock.minecraft.stone_slab":52,"stat.pickup.immersiveengineering.tool":4,"stat.craftItem.minecraft.wooden_axe":7,"stat.useItem.lootbags.itemlootbag":1,"stat.craftItem.chickenchunks.chickenChunkLoader":1,"stat.pickup.cookingforblockheads.sink":1,"stat.useItem.ceramics.clay_bucket":60,"achievement.killEnemy":388,"stat.useItem.tconstruct.seared_tank":1,"stat.useItem.minecraft.wooden_sword":44,"stat.useItem.minecraft.cake":5,"stat.useItem.minecraft.banner":2,"stat.killEntity.Zombie":115,"stat.craftItem.minecraft.dye":4066,"stat.pickup.actuallyadditions.blockSmileyCloud":2,"stat.pickup.harvestcraft.barleyItem":3,"stat.diveOneCm":193575,"stat.pickup.minecraft.wheat":163,"stat.craftItem.minecraft.sandstone":10,"stat.craftItem.mysticalagriculture.tier2_crafting_seed":2,"stat.drop.actuallyadditions.itemAxeObsidian":1,"achievement.buildHoe":4,"stat.craftItem.environmentaltech.modifier_core":4,"stat.useItem.excompressum.bait":6,"stat.drop.lootbags.itemlootbag":95,"stat.pickup.minecraft.obsidian":10,"stat.useItem.harvestcraft.toastItem":8,"stat.pickup.exnihiloadscensio.itemPebble":115,"stat.useItem.actuallyadditions.itemSwordObsidian":187,"stat.useItem.minecraft.rotten_flesh":1,"stat.useItem.minecraft.sand":141,"stat.jump":5484,"stat.useItem.mysticalagriculture.iron_seeds":1,"stat.pickup.minecraft.coal":105,"stat.pickup.minecraft.iron_ingot":15,"stat.craftItem.environmentaltech.controller_void_res_miner_1":1,"stat.pickup.minecraft.gunpowder":282,"stat.craftItem.actuallyadditions.blockGiantChest":2,"stat.craftItem.minecraft.torch":160,"stat.craftItem.exnihiloadscensio.itemOreLead":17,"stat.pickup.minecraft.dirt":121,"stat.useItem.ironchest.BlockIronChest":5,"stat.pickup.betterbuilderswands.wandStone":1,"stat.pickup.immersiveengineering.stoneDecoration":1,"stat.useItem.minecraft.glass":13,"stat.useItem.minecraft.dispenser":1,"stat.pickup.minecraft.stone_shovel":1,"stat.useItem.minecraft.sapling":187,"stat.damageTaken":3954,"stat.craftItem.mysticalagriculture.redstone_seeds":1,"stat.mineBlock.minecraft.red_flower":14,"stat.mineBlock.minecraft.torch":42,"stat.pickup.immersiveengineering.metal":11,"stat.mineBlock.minecraft.sapling":9,"stat.craftItem.minecraft.glowstone":1,"stat.drop.minecraft.nether_brick_fence":1,"stat.craftItem.hatchery.animalnet":1,"stat.pickup.rftoolsdim.dimlet_parcel":1,"stat.pickup.minecraft.potato":1,"stat.useItem.exnihiloadscensio.hammerIron":513,"stat.craftItem.extrautils2.compressedsand":7,"stat.craftItem.exnihiloadscensio.blockSieve":7,"stat.useItem.hatchery.chickenmanure":16,"stat.craftItem.environmentaltech.hardened_stone_structure":18,"stat.craftItem.exnihiloadscensio.itemOreAluminium":6,"stat.craftItem.minecraft.stone_slab":1050,"stat.animalsBred":9,"stat.useItem.minecraft.chest":9,"stat.craftItem.tconstruct.smeltery_io":1,"stat.pickup.actuallyadditions.itemHelmObsidian":2,"stat.mineBlock.exnihiloadscensio.blockSieve":8,"stat.useItem.minecraft.lava_bucket":1,"stat.craftItem.enderio.itemAlloy":3,"stat.pickup.actuallyadditions.itemFertilizer":48,"stat.useItem.tconstruct.faucet":1,"stat.drop.exnihiloadscensio.blockCrucible":3,"stat.pickup.exnihiloadscensio.blockSieve":11,"stat.pickup.bigreactors.dustmetals":1,"stat.pickup.minecraft.ender_pearl":4,"stat.drop.minecraft.egg":1,"stat.useItem.minecraft.redstone_ore":25,"stat.pickup.immersiveengineering.metalDecoration2":1,"stat.craftItem.extrautils2.angelring":2,"stat.useItem.hatchery.fertilized_dirt":4,"stat.mineBlock.immersiveengineering.metalDevice1":17,"stat.mobKills":405,"stat.useItem.mob_grinding_utils.tank":2,"stat.pickup.minecraft.diamond":4,"stat.pickup.minecraft.torch":142,"stat.craftItem.extrautils2.wrench":1,"stat.useItem.betterbuilderswands.wandUnbreakable":45,"stat.drop.minecraft.arrow":2,"achievement.environmentaltech.craft_assembler":1,"stat.breakItem.exnihiloadscensio.crookWood":5,"stat.useItem.colossalchests.colossalChest":2,"stat.useItem.betterbuilderswands.wandIron":47,"stat.craftItem.immersiveengineering.treatedWood":8,"stat.breakItem.chesttransporter.chesttransporter":1,"stat.drop.shear.clipper":1,"stat.pickup.enderio.itemPowerConduit":9,"stat.pickup.mysticalagriculture.iron_essence":4,"stat.pickup.tp.QuartzDust":3,"stat.craftItem.colossalchests.colossalChest":1,"stat.pickup.immersiveengineering.metalDevice1":17,"stat.pickup.mysticalagriculture.nether_quartz_essence":14,"stat.drop.botania.dirtRod":1,"stat.useItem.minecraft.planks":237,"stat.craftItem.actuallyadditions.blockTinyTorch":6,"stat.useItem.chancecubes.chance_Cube":2,"stat.pickup.harvestcraft.toastItem":10,"stat.pickup.minecraft.glowstone_dust":22,"stat.pickup.minecraft.blaze_powder":6,"stat.craftItem.hatchery.nest":5,"stat.useItem.minecraft.water_bucket":41,"achievement.overpowered":1,"achievements.xu2.wrench":5218,"stat.mineBlock.minecraft.nether_brick_fence":2,"stat.pickup.minecraft.sand":606,"stat.pickup.minecraft.hardened_clay":9,"stat.breakItem.exnihiloadscensio.hammerWood":1,"stat.craftItem.exnihiloadscensio.blockCrucible":7,"stat.pickup.refinedstorage.silicon":5,"stat.drop.hatchery.chickenmanure":1,"stat.pickup.harvestcraft.applejuiceItem":30,"stat.craftItem.tconstruct.casting":2,"stat.pickup.minecraft.wooden_hoe":2,"stat.useItem.exnihiloadscensio.blockCrucible":5,"stat.mineBlock.minecraft.sand":271,"stat.craftItem.environmentaltech.lens":2,"stat.craftItem.minecraft.wooden_hoe":2,"stat.craftItem.minecraft.cooked_fish":8,"achievement.buildBetterPickaxe":8,"stat.pickup.actuallyadditions.itemBooklet":1,"stat.useItem.minecraft.fence_gate":1,"stat.drop.rftoolsdim.dimlet_base":1,"stat.craftItem.mysticalagriculture.base_crafting_seed":2,"stat.craftItem.minecraft.hardened_clay":15,"stat.useItem.minecraft.oak_stairs":20,"stat.useItem.harvestcraft.applejuiceItem":82,"stat.craftItem.exnihiloadscensio.itemOreIron":82,"stat.mineBlock.chancecubes.chance_Cube":2,"stat.craftItem.exnihiloadscensio.itemOreSilver":7,"stat.useItem.extrautils2.pipe":19,"stat.pickup.minecraft.furnace":2,"stat.pickup.actuallyadditions.itemAxeObsidian":4,"stat.useItem.integrateddynamics.dryingBasin":2,"achievement.actuallyadditions.nameSmileyCloud":10,"achievement.mineWood":110,"stat.breakItem.exnihiloadscensio.hammerStone":14,"stat.craftItem.mysticalagriculture.prudentium_essence":120,"stat.pickup.minecraft.skull":28,"stat.craftItem.chickens.colored_egg":1,"stat.mineBlock.rftools.crafter2":2,"achievement.environmentaltech.open_guide":7,"stat.drop.minecraft.wooden_hoe":2,"stat.craftItem.minecraft.fence_gate":1,"stat.craftItem.moarsigns.moar_sign":3,"stat.craftItem.immersiveengineering.material":2,"stat.mineBlock.exnihiloadscensio.blockCrucible":3,"stat.drop.betterbuilderswands.wandDiamond":1,"stat.mineBlock.minecraft.oak_stairs":7,"stat.useItem.hatchery.animalnet":14,"stat.playOneMinute":1026421,"stat.useItem.exnihiloadscensio.hammerStone":2070,"stat.pickup.tconstruct.rack":4,"stat.pickup.mysticalagriculture.iron_seeds":1,"stat.pickup.natura.overworld_seeds":2,"stat.mineBlock.immersiveengineering.stoneDecoration":1,"stat.drop.exnihiloadscensio.itemSeedCactus":9,"stat.pickup.minecraft.netherrack":1,"stat.pickup.exnihiloadscensio.itemMesh":17,"stat.craftItem.immersiveengineering.metalDecoration2":3,"stat.craftItem.tp.cobblegen_block":1,"stat.pickup.extrautils2.flattransfernode":4,"stat.mineBlock.immersiveengineering.metalDecoration2":1,"stat.pickup.moarsigns.moar_sign":8,"stat.pickup.exnihiloadscensio.itemSeedBirch":1,"stat.breakItem.excompressum.compressed_crook":9,"stat.craftItem.snad.snad":17,"stat.pickup.exnihiloadscensio.blockCrucible":6,"stat.pickup.botania.manaTablet":5,"stat.pickup.simplecorn.kernels":2,"stat.fallOneCm":119460,"stat.pickup.excompressum.compressed_crook":1,"stat.drop.minecraft.dye":138,"stat.pickup.minecraft.melon_seeds":1,"stat.craftItem.minecraft.chest":20,"stat.mineBlock.minecraft.lever":1,"stat.pickup.mysticalagriculture.prosperity_shard":3,"stat.useItem.actuallyadditions.blockTinyTorch":14,"stat.pickup.minecraft.feather":1,"stat.useItem.minecraft.furnace":3,"stat.pickup.exnihiloadscensio.itemSeedDarkOak":4,"stat.pickup.excompressum.wood_chippings":869,"stat.craftItem.tconstruct.materials":104,"stat.useItem.excompressum.compressed_crook":6344,"stat.craftItem.colossalchests.interface":1,"stat.pickup.minecraft.iron_leggings":4,"stat.mineBlock.minecraft.gravel":612,"stat.useItem.minecraft.stone_pickaxe":384,"stat.craftItem.tconstruct.seared_tank":1,"stat.craftItem.minecraft.oak_stairs":48,"stat.craftItem.rftools.machine_frame":2,"stat.pickup.enderio.itemItemConduit":31,"stat.useItem.minecraft.torch":226,"stat.pickup.minecraft.golden_apple":1,"stat.useItem.extrautils2.grocket":14,"stat.craftItem.minecraft.redstone_block":2,"stat.craftItem.mysticalagriculture.iron_seeds":1,"stat.useItem.minecraft.log":8,"stat.craftItem.minecraft.crafting_table":16,"stat.craftItem.extrautils2.compressedgravel":64,"stat.mineBlock.enderio.blockConduitBundle":16,"stat.craftItem.extrautils2.filter":1,"stat.pickup.excompressum.bait":5,"stat.pickup.extrautils2.grocket":22,"stat.pickup.minecraft.log":865,"stat.pickup.rftools.crafter2":1,"stat.useItem.minecraft.cooked_fish":8,"achievement.environmentaltech.craft_modifier_core":4,"stat.pickup.minecraft.web":10,"stat.breakItem.exnihiloadscensio.hammerIron":1,"stat.drop.minecraft.planks":1,"stat.pickup.actuallyadditions.itemSwordObsidian":1,"stat.craftItem.betterbuilderswands.wandStone":5,"stat.pickup.minecraft.sapling":1499,"stat.pickup.exnihiloadscensio.itemOreCopper":54,"stat.entityKilledBy.Enderman":1,"stat.craftItem.exnihiloadscensio.itemOreCopper":14,"stat.pickup.botania.dirtRod":2,"stat.craftItem.tconstruct.smeltery_controller":1,"stat.drop.minecraft.bow":1,"stat.pickup.actuallyadditions.itemMisc":24,"stat.useItem.hatchery.nest":4,"stat.pickup.darkutils.charm_portal":3,"stat.useItem.enderio.itemItemConduit":31,"stat.mineBlock.exnihiloadscensio.blockDust":1,"stat.pickup.actuallyadditions.itemSwordCrystalBlue":3,"stat.pickup.actuallyadditions.blockGiantChest":6,"ftbl.stat.first_joined":{"value":0,"progress":1529214143840},"stat.craftItem.hatchery.pen":1,"stat.craftItem.minecraft.cooked_chicken":5,"stat.pickup.actuallyadditions.blockTinyTorch":8,"stat.pickup.randomthings.lavaCharm":2,"stat.drop.rftools.crafter3":2,"stat.sneakTime":77411,"stat.drop.minecraft.bucket":1,"stat.drop.enderio.itemItemConduit":1,"stat.drop.minecraft.yellow_flower":3,"stat.pickup.minecraft.stone_slab":61,"stat.pickup.minecraft.yellow_flower":3,"stat.drop.minecraft.wooden_axe":1,"stat.pickup.minecraft.chest":7,"stat.craftItem.minecraft.enchanting_table":1,"stat.useItem.mysticalagriculture.tier1_inferium_seeds":6,"stat.pickup.minecraft.bone":205,"stat.pickup.actuallyadditions.itemCrystal":2,"stat.craftItem.lootbags.itemlootbag":29,"stat.craftItem.ceramics.unfired_clay":1,"stat.pickup.minecraft.redstone_torch":6,"stat.drop.natura.overworld_seeds":1,"stat.pickup.shear.clipper":2,"stat.useItem.mysticalagriculture.supremium_furnace":1,"stat.craftItem.immersiveengineering.connector":12,"stat.craftItem.tconstruct.faucet":1,"stat.craftItem.environmentaltech.hardened_stone_machine_base":20,"stat.craftItem.rftools.crafter2":2,"stat.craftItem.fluxnetworks.FluxCore":12,"stat.craftItem.rftools.crafter1":2,"stat.craftItem.rftools.crafter3":2,"stat.pickup.mysticalagriculture.nether_quartz_seeds":289,"stat.swimOneCm":58518,"stat.craftItem.mysticalagriculture.intermedium_essence":27,"stat.craftItem.minecraft.gold_block":8,"stat.pickup.lootbags.itemlootbag":26,"stat.useItem.minecraft.dirt":265,"achievement.exploreAllBiomes":{"value":0,"progress":["ForestHills","Roofed Forest","Forest","Hell"]},"stat.craftItem.environmentaltech.laser_core":3,"stat.craftItem.minecraft.stone_pickaxe":4,"stat.pickup.mysticalagriculture.infusion_crystal":1,"stat.useItem.actuallyadditions.itemPickaxeQuartz":99,"stat.pickup.minecraft.cobblestone":753,"achievement.environmentaltech.assemble_solar_array_t1":6,"stat.useItem.minecraft.stone_shovel":76,"stat.useItem.exnihiloadscensio.blockBarrel0":16,"stat.pickup.minecraft.clay":57,"stat.useItem.exnihiloadscensio.blockBarrel1":5,"stat.craftItem.minecraft.wooden_slab":2256,"stat.useItem.actuallyadditions.blockSmileyCloud":4,"stat.pickup.minecraft.redstone":17,"stat.craftItem.minecraft.dispenser":1,"stat.craftItem.minecraft.book":1,"stat.mineBlock.actuallyadditions.blockTinyTorch":9,"stat.pickup.integrateddynamics.on_the_dynamics_of_integration":1,"stat.pickup.minicoal.miniCharcoal":2,"stat.pickup.exnihiloadscensio.itemSeedCactus":14,"stat.craftItem.environmentaltech.glass_clear":88,"stat.useItem.minecraft.lever":2,"stat.pickup.minecraft.wooden_axe":1,"stat.pickup.integrateddynamics.menrilSapling":2,"stat.craftItem.tconstruct.soil":128,"stat.pickup.minicoal.miniCoal":8,"stat.pickup.actuallyadditions.itemSwordQuartz":1,"stat.pickup.exnihiloadscensio.itemOreSilver":28,"stat.useItem.tconstruct.edible":32,"stat.useItem.extrautils2.angelblock":2,"stat.pickup.minecraft.paper":8,"stat.pickup.enderio.itemLiquidConduit":8,"stat.craftItem.minecraft.stick":460,"stat.useItem.extrautils2.passivegenerator":27,"stat.useItem.minecraft.stone_slab":444,"stat.craftItem.minecraft.stone":286,"stat.craftItem.minecraft.gold_nugget":18,"stat.useItem.tconstruct.casting":2,"stat.craftItem.betterbuilderswands.wandIron":1,"stat.useItem.minecraft.carrot":1,"achievement.buildFurnace":1,"stat.mineBlock.minecraft.planks":40,"stat.drop":154,"stat.drop.roots.oldRoot":1,"stat.killEntity.Sheep":1,"stat.useItem.tconstruct.seared":18,"stat.pickup.minecraft.slime_ball":1,"stat.craftItem.extrautils2.flattransfernode":8,"stat.useItem.environmentaltech.controller_solar_1":1,"stat.craftItem.chesttransporter.chesttransporter":1,"stat.useItem.exnihiloadscensio.itemMaterial":20,"stat.craftItem.environmentaltech.lens_item":2,"stat.craftItem.exnihiloadscensio.hammerStone":15,"stat.pickup.minecraft.gravel":1477,"stat.craftItem.immersiveengineering.metalDevice1":2,"stat.pickup.exnihiloadscensio.itemSeedSpruce":5,"stat.craftItem.minecraft.vine":32,"stat.useItem.minecraft.apple":54,"stat.mineBlock.tconstruct.punji":3,"stat.breakItem.minecraft.wooden_axe":2,"stat.useItem.environmentaltech.controller_void_res_miner_1":1,"stat.pickup.tconstruct.punji":8,"stat.pickup.mysticalagriculture.redstone_seeds":3,"stat.pickup.actuallyadditions.itemBootsObsidian":3,"stat.craftItem.tconstruct.rack":12,"stat.useItem.minecraft.wooden_hoe":53,"stat.pickup.minecraft.fence":3,"stat.useItem.tconstruct.tooltables":5,"stat.pickup.exnihiloadscensio.itemOreAluminium":27,"stat.killEntity.Rooster":1,"stat.pickup.minecraft.spider_eye":26,"stat.craftItem.environmentaltech.controller_solar_1":1,"stat.drop.botania.manaTablet":4,"stat.useItem.minecraft.cooked_chicken":5,"stat.useItem.immersiveengineering.stoneDecoration":28,"stat.useItem.betterbuilderswands.wandStone":269,"stat.useItem.chickenchunks.chickenChunkLoader":1,"stat.mineBlock.tconstruct.tooltables":1,"stat.pickup.exnihiloadscensio.hammerStone":7,"stat.craftItem.exnihiloadscensio.crookWood":51,"stat.craftItem.colossalchests.chestWall":34,"stat.mineBlock.minecraft.furnace":2,"stat.dispenserInspected":1,"stat.craftItem.environmentaltech.tool_multiblock_assembler":1,"stat.drop.minecraft.water_bucket":1,"stat.craftItem.storagedrawers.basicDrawers":3,"stat.pickup.minecraft.prismarine_crystals":3,"stat.pickup.exnihiloadscensio.itemOreIron":237,"stat.craftItem.mysticalagriculture.tier1_crafting_seed":2,"stat.pickup.tconstruct.materials":1,"stat.pickup.minecraft.oak_stairs":12,"stat.damageDealt":8711,"stat.craftItem.minecraft.glass":34,"stat.pickup.exnihiloadscensio.itemSeedCarrot":1,"stat.pickup.snad.snad":34,"stat.craftItem.minecraft.anvil":1,"stat.pickup.botania.dye":1,"stat.useItem.minecraft.crafting_table":1,"stat.killEntity.Pig":1,"stat.craftItem.enderio.itemBasicCapacitor":17,"stat.craftItem.minecraft.stone_shovel":1,"stat.walkOneCm":1784094,"stat.pickup.ceramics.clay_bucket":5,"stat.craftItem.immersiveengineering.stoneDecoration":27,"stat.craftItem.excompressum.compressed_block":14,"stat.pickup.minecraft.stick":33,"stat.pickup.minecraft.clay_ball":200,"stat.breakItem.minecraft.stone_pickaxe":2,"ftbl.stat.last_seen":{"value":0,"progress":1529976924013},"stat.pickup.mysticalagriculture.inferium_essence":236,"stat.useItem.betterbuilderswands.wandDiamond":331,"stat.useItem.exnihiloadscensio.blockSieve":18,"stat.drop.minecraft.leather_chestplate":2,"stat.pickup.minecraft.stone":24,"stat.craftItem.minecraft.hay_block":17,"stat.killEntity.Skeleton":72,"stat.craftItem.harvestcraft.applejuiceItem":90,"stat.killEntity.Chicken":1,"stat.pickup.exnihiloadscensio.crookWood":2,"stat.mineBlock.minecraft.redstone_torch":6,"stat.killEntity.Spider":39,"stat.pickup.exnihiloadscensio.blockDust":287,"stat.pickup.enderio.blockCapBank":1,"stat.craftItem.minecraft.fence":36,"stat.useItem.minecraft.golden_apple":2,"stat.mineBlock.minecraft.leaves":8657,"stat.useItem.tconstruct.punji":7,"stat.craftItem.minecraft.brick":36,"stat.mineBlock.minecraft.stone":5,"stat.useItem.tconstruct.smeltery_controller":1,"stat.pickup.colossalchests.colossalChest":1}