{"stat.useItem.minecraft.bow":14,"stat.pickup.actuallyadditions.itemDust":23,"stat.drop.hatchery.fertilized_dirt":8,"stat.pickup.betterbuilderswands.wandDiamond":1,"stat.pickup.extrautils2.redorchid":1,"stat.drop.minecraft.redstone":1,"stat.pickup.actuallyadditions.itemCrafterOnAStick":2,"stat.pickup.tconstruct.faucet":1,"stat.craftItem.actuallyadditions.itemPickaxeCrystalGreen":1,"stat.useItem.immersiveengineering.metalDevice1":4,"stat.useItem.fluxnetworks.FluxPlug":5,"stat.mineBlock.mob_grinding_utils.wither_muffler":2,"stat.pickup.minecraft.rotten_flesh":1,"stat.useItem.enderio.blockEnchanter":1,"stat.craftItem.ironchest.BlockIronChest":16,"stat.pickup.minecraft.bucket":4,"stat.craftItem.actuallyadditions.itemKnife":1,"achievement.botania:flowerPickup":102,"stat.pickup.roots.oldRoot":7,"stat.useItem.minecraft.anvil":3,"stat.useItem.actuallyadditions.itemPickaxeObsidian":1,"stat.craftItem.simplyjetpacks.metaItem":1,"stat.pickup.minecraft.brown_mushroom":1,"achievement.buildPickaxe":2,"stat.drop.chisel.laboratory":8,"stat.craftItem.storagedrawers.upgradeTemplate":2,"stat.mineBlock.minecraft.end_stone":23,"stat.useItem.hatchery.pen":5,"stat.pickup.excompressum.heavy_sieve":1,"stat.pickup.exnihiloadscensio.itemSeedAcacia":3,"stat.pickup.botania.pestleAndMortar":1,"stat.craftItem.minecraft.glass_pane":8,"stat.furnaceInteraction":127,"stat.drop.harvestcraft.juicerItem":1,"stat.useItem.chickens.spawn_egg":2,"stat.pickup.minecraft.nether_brick":4,"stat.useItem.minecraft.end_stone":23,"stat.craftItem.mysticalagriculture.tier3_crafting_seed":2,"stat.pickup.forge.bucketFilled":11,"stat.craftItem.actuallyadditions.itemCrystal":217,"stat.craftItem.botania.fertilizer":29,"stat.pickup.mysticalagriculture.tier1_inferium_seeds":1,"stat.craftItem.botania.pestleAndMortar":1,"stat.useItem.botania.runeAltar":1,"stat.useItem.enderio.blockExperienceObelisk":1,"stat.pickup.botania.rune":2,"stat.craftItem.botania.pool":1,"stat.mineBlock.minecraft.fence":3,"stat.craftItem.mysticalagriculture.tier4_crafting_seed":1,"stat.useItem.minecraft.wheat_seeds":2,"stat.craftItem.draconicevolution.draconium_block":12,"stat.pickup.minecraft.lever":1,"stat.deaths":2,"stat.useItem.refinedstorage.wireless_transmitter":1,"stat.pickup.minecraft.egg":1009,"stat.craftItem.actuallyadditions.blockEmpowerer":1,"stat.pickup.extrautils2.angelblock":1,"stat.craftItem.minecraft.iron_pickaxe":1,"stat.craftItem.enderio.itemMaterial":305,"stat.craftItem.mysticalagriculture.tier5_crafting_seed":1,"stat.pickup.minecraft.sea_lantern":5,"stat.chestOpened":688,"stat.useItem.draconicevolution.infused_obsidian":7,"stat.craftItem.mysticalagriculture.tier3_mob_chunk":4,"stat.useItem.actuallyadditions.blockEmpowerer":2,"stat.useItem.botania.alchemyCatalyst":1,"stat.craftItem.actuallyadditions.itemCrafterOnAStick":2,"stat.useItem.chisel.stonebrick":1,"stat.craftItem.minecraft.coal":191,"stat.pickup.exnihiloadscensio.itemOreNickel":68,"stat.mineBlock.chickenchunks.chickenChunkLoader":1,"stat.crouchOneCm":82543,"stat.craftItem.minecraft.iron_ingot":22,"stat.craftingTableInteraction":1,"stat.craftItem.enderio.blockSagMill":1,"stat.drop.tp.CharcoalBlock":46,"stat.craftItem.tconstruct.pattern":22,"stat.pickup.exnihiloadscensio.itemMaterial":43,"stat.craftItem.betterbuilderswands.wandDiamond":1,"stat.pickup.minecraft.dye":330,"stat.pickup.minecraft.planks":21,"stat.craftItem.exnihiloadscensio.hammerIron":1,"stat.craftItem.extrautils2.pipe":16,"stat.pickup.refinedstorage.wireless_grid":1,"stat.craftItem.minecraft.magma":1,"stat.pickup.exnihiloadscensio.itemSeedPotato":2,"stat.craftItem.enderio.itemMachinePart":14,"stat.craftItem.refinedstorage.wireless_grid":1,"stat.useItem.enderio.blockFusedQuartz":29,"stat.pickup.exnihiloadscensio.itemOreLead":68,"stat.pickup.minecraft.chicken":57,"stat.drop.extrautils2.grocket":2,"stat.craftItem.harvestcraft.cottonseedItem":193,"stat.pickup.bigreactors.reactorcasing":186,"stat.useItem.mysticalagriculture.growth_accelerator":21,"stat.craftItem.minecraft.bucket":1,"stat.craftItem.minecraft.planks":400,"stat.craftItem.refinedstorage.wireless_transmitter":1,"stat.pickup.minecraft.stone_sword":1,"stat.pickup.minecraft.book":1,"stat.useItem.minecraft.stonebrick":17,"stat.drop.tconstruct.longbow":1,"stat.craftItem.exnihiloadscensio.itemMaterial":57,"stat.pickup.draconicevolution.crafting_pedestal":19,"stat.pickup.extrautils2.pipe":5,"stat.craftItem.minecraft.cobblestone":62,"stat.craftItem.mysticalagriculture.manyullyn_seeds":1,"stat.useItem.rftools.crafter3":1,"stat.craftItem.mysticalagriculture.wither_skeleton_seeds":1,"stat.useItem.enderio.itemLiquidConduit":41,"stat.useItem.quantumstorage.quantumdsu":5,"stat.mineBlock.minecraft.cobblestone":1016,"stat.pickup.minecraft.flint":76,"stat.pickup.refinedstorage.detector":2,"stat.pickup.minecraft.leather_chestplate":1,"stat.useItem.enderio.blockCapBank":2,"stat.craftItem.minecraft.clock":1,"stat.craftItem.botania.avatar":1,"stat.useItem.exnihiloadscensio.crookWood":516,"stat.pickup.bigreactors.reactorcontrolrod":15,"stat.craftItem.mob_grinding_utils.absorption_hopper":1,"stat.useItem.colossalchests.chestWall":1,"stat.pickup.minecraft.iron_boots":1,"stat.craftItem.minecraft.furnace":6,"stat.useItem.storagedrawers.basicDrawers":5,"stat.useItem.extrautils2.spike_wood":4,"stat.mineBlock.minecraft.clay":23,"stat.pickup.actuallyadditions.itemHelmCrystalBlack":1,"stat.useItem.actuallyadditions.blockGiantChest":4,"stat.craftItem.actuallyadditions.itemMisc":89,"stat.useItem.minecraft.wooden_slab":158,"stat.craftItem.minecraft.iron_block":15,"stat.craftItem.minecraft.stonebrick":128,"stat.pickup.exnihiloadscensio.itemOreGold":69,"stat.craftItem.mob_grinding_utils.wither_muffler":1,"stat.pickup.extrautils2.angelring":1,"stat.craftItem.refinedstorage.quartz_enriched_iron":64,"stat.craftItem.mysticalagriculture.master_infusion_crystal":1,"stat.useItem.tp.growth_upgrade":3,"stat.entityKilledBy.Skeleton":1,"stat.craftItem.enderio.blockSelfResettingLever60":1,"achievement.buildSword":30,"stat.killEntity.Squid":2,"stat.sprintOneCm":1082082,"stat.useItem.minecraft.diamond_block":3,"stat.pickup.mysticalagriculture.wither_skeleton_chunk":1,"stat.mineBlock.minecraft.stone_slab":5,"stat.pickup.immersiveengineering.tool":2,"stat.craftItem.notenoughwands.wandcore":2,"stat.pickup.extrautils2.passivegenerator":5,"stat.drop.actuallyadditions.itemDrill":1,"stat.pickup.mysticalagriculture.supremium_furnace":1,"stat.craftItem.minecraft.redstone_lamp":2,"stat.craftItem.mysticalagriculture.water_seeds":1,"stat.craftItem.mysticalagriculture.chicken_seeds":1,"stat.craftItem.excompressum.wooden_crucible":1,"stat.killEntity.Zombie":2,"stat.pickup.flyringbaublemod.AngelRing":2,"stat.craftItem.minecraft.dye":30,"stat.craftItem.harvestcraft.epicbaconItem":3,"stat.pickup.actuallyadditions.blockSmileyCloud":2,"stat.pickup.minecraft.wheat":169,"stat.craftItem.mysticalagriculture.tier2_crafting_seed":4,"stat.pickup.exnihiloadscensio.itemSeedJungle":6,"stat.pickup.draconicevolution.dragon_heart":2,"stat.craftItem.botania.altar":1,"stat.pickup.minecraft.obsidian":1,"stat.mineBlock.botania.spreader":1,"stat.useItem.harvestcraft.toastItem":6,"stat.pickup.exnihiloadscensio.itemPebble":306,"stat.useItem.mysticalagriculture.iron_seeds":1,"stat.pickup.minecraft.coal":107,"stat.pickup.minecraft.iron_ingot":21,"stat.craftItem.minecraft.lever":4,"stat.pickup.minecraft.gunpowder":52,"stat.pickup.minecraft.dirt":205,"stat.useItem.ironchest.BlockIronChest":8,"stat.pickup.exnihiloadscensio.itemSeedSugarcane":5,"stat.craftItem.mysticalagriculture.chicken_chunk":1,"stat.pickup.minecraft.iron_axe":2,"stat.craftItem.extrautils2.goldenlasso":1,"stat.mineBlock.minecraft.torch":23,"stat.mineBlock.minecraft.red_flower":10,"stat.pickup.fluxnetworks.FluxPoint":3,"stat.useItem.botania.avatar":2,"stat.pickup.minecraft.magma_cream":1,"stat.craftItem.minecraft.comparator":4,"stat.craftItem.minecraft.sea_lantern":1,"stat.craftItem.minecraft.glowstone":10,"stat.pickup.botania.spreader":1,"stat.craftItem.enderio.blockFusedQuartz":132,"stat.craftItem.extrautils2.compressedsand":12,"stat.pickup.enderio.blockSagMill":1,"stat.craftItem.exnihiloadscensio.blockSieve":6,"stat.useItem.actuallyadditions.blockCompost":1,"stat.craftItem.darkutils.timer":1,"stat.useItem.hatchery.chickenmanure":6,"stat.pickup.actuallyadditions.itemHelmObsidian":1,"stat.useItem.refinedstorage.crafter":21,"stat.mineBlock.exnihiloadscensio.blockSieve":4,"stat.useItem.enderio.itemRedstoneConduit":8,"stat.pickup.exnihiloadscensio.blockSieve":4,"stat.pickup.bigreactors.dustmetals":6,"stat.craftItem.mysticalagriculture.nether_seeds":1,"stat.useItem.minecraft.redstone_ore":10,"stat.craftItem.enderio.itemLiquidConduit":8,"stat.pickup.actuallyadditions.itemCoffeeSeed":1,"stat.mineBlock.immersiveengineering.metalDevice1":4,"stat.pickup.mysticalagriculture.superium_chestplate":2,"stat.mobKills":180,"stat.pickup.minecraft.diamond":5,"stat.pickup.minecraft.beetroot_seeds":1,"stat.useItem.enderio.blockSoulBinder":1,"stat.craftItem.extrautils2.wrench":1,"stat.pickup.botania.specialFlower":11,"stat.craftItem.rftools.machine_base":3,"stat.useItem.tconstruct.toolforge":1,"stat.useItem.draconicevolution.dislocator_receptacle":1,"stat.craftItem.immersiveengineering.treatedWood":16,"stat.pickup.botania.livingrock":72,"stat.pickup.mysticalagriculture.skeleton_chunk":2,"stat.useItem.botania.twigWand":137,"stat.pickup.enderio.itemPowerConduit":24,"stat.useItem.minecraft.soul_sand":20,"stat.killEntity.Blaze":10,"stat.pickup.mysticalagriculture.iron_essence":3,"stat.pickup.tp.QuartzDust":1,"stat.mineBlock.mob_grinding_utils.absorption_hopper":1,"stat.pickup.harvestcraft.calamarirawItem":4,"stat.pickup.harvestcraft.toastItem":48,"stat.pickup.minecraft.glowstone_dust":12,"stat.useItem.botania.pool":1,"stat.pickup.actuallyadditions.itemSuctionRing":1,"achievement.overpowered":2,"stat.craftItem.botania.dirtRod":1,"stat.mineBlock.tp.ReinforcedGlass":139,"stat.useItem.exnihiloadscensio.blockCrucible":14,"stat.mineBlock.minecraft.sand":297,"stat.useItem.refinedstorage.network_card":1,"stat.craftItem.harvestcraft.toastItem":50,"stat.pickup.actuallyadditions.itemFlaxSeed":2,"stat.craftItem.simplyjetpacks.itemJetpack":4,"stat.hopperInspected":4,"stat.craftItem.mysticalagriculture.base_crafting_seed":4,"stat.useItem.excompressum.heavy_sieve":3,"stat.pickup.minecraft.ghast_tear":7,"stat.craftItem.baconators.darkonator":3,"stat.craftItem.minecraft.magma_cream":12,"stat.drop.notenoughwands.teleportation_wand":1,"stat.useItem.harvestcraft.applejuiceItem":83,"stat.craftItem.exnihiloadscensio.itemOreIron":13,"stat.pickup.hatchery.pen":6,"stat.useItem.extrautils2.pipe":11,"achievement.actuallyadditions.nameSmileyCloud":7,"stat.pickup.actuallyadditions.blockTestifiBucksGreenWall":62,"stat.useItem.botania.petal":95,"achievement.environmentaltech.open_guide":1,"stat.useItem.draconicevolution.crafting_pedestal":27,"stat.useItem.actuallyadditions.blockGrinder":1,"stat.pickup.minecraft.pumpkin_seeds":2,"stat.craftItem.immersiveengineering.material":7,"stat.mineBlock.exnihiloadscensio.blockCrucible":1,"achievement.ghast":2,"stat.pickup.minecraft.blaze_rod":13,"stat.pickup.draconicevolution.fusion_crafting_core":1,"stat.drop.minecraft.chest":1,"stat.pickup.minecraft.netherrack":11,"stat.pickup.exnihiloadscensio.itemMesh":5,"stat.pickup.moarsigns.moar_sign":4,"stat.breakItem.excompressum.compressed_crook":1,"stat.craftItem.minecraft.flint":24,"stat.pickup.exnihiloadscensio.blockCrucible":1,"stat.pickup.simplecorn.kernels":12,"stat.pickup.minecraft.melon_seeds":2,"stat.craftItem.tconstruct.toolforge":1,"stat.pickup.mysticalagriculture.prosperity_shard":11,"stat.craftItem.tp.CharcoalBlock":70,"stat.craftItem.actuallyadditions.blockDisplayStand":5,"stat.useItem.minecraft.furnace":2,"stat.pickup.excompressum.wood_chippings":1226,"stat.pickup.exnihiloadscensio.itemSeedDarkOak":7,"stat.craftItem.tconstruct.materials":29,"stat.useItem.excompressum.compressed_crook":591,"stat.craftItem.moreshears.stoneShears":2,"stat.craftItem.extrautils2.ingredients":9,"stat.mineBlock.mysticalagriculture.supremium_furnace":1,"stat.mineBlock.minecraft.gravel":486,"stat.useItem.chisel.obsidian":8,"stat.craftItem.rftools.machine_frame":1,"stat.drop.minecraft.iron_axe":1,"stat.useItem.chickens.colored_egg":2,"stat.useItem.minecraft.torch":75,"stat.craftItem.minecraft.redstone_block":10,"stat.useItem.minecraft.log":100,"stat.pickup.minecraft.crafting_table":1,"stat.craftItem.minecraft.crafting_table":2,"stat.pickup.extrautils2.grocket":2,"stat.mineBlock.chisel.stonebrick":1,"stat.useItem.refinedstorage.network_receiver":1,"stat.useItem.mysticalagriculture.soulium_dagger":102,"stat.breakItem.exnihiloadscensio.hammerIron":2,"stat.pickup.minecraft.sapling":969,"stat.pickup.exnihiloadscensio.itemOreCopper":6,"stat.pickup.botania.dirtRod":2,"stat.pickup.mysticalagriculture.growth_accelerator":21,"stat.craftItem.actuallyadditions.itemBattery":1,"stat.pickup.withercrumbs.crumb_star":7,"stat.craftItem.minicoal.miniCharcoal":24,"stat.useItem.enderio.itemItemConduit":51,"stat.craftItem.enderio.blockAlloySmelter":1,"stat.mineBlock.exnihiloadscensio.blockDust":1,"stat.pickup.actuallyadditions.blockGiantChest":2,"ftbl.stat.first_joined":{"value":0,"progress":1529214573284},"stat.craftItem.hatchery.pen":3,"stat.craftItem.mysticalagriculture.tier4_mob_chunk":2,"stat.drop.minecraft.bucket":1,"stat.pickup.minecraft.stone_slab":317,"stat.pickup.minecraft.yellow_flower":20,"stat.pickup.actuallyadditions.itemRiceSeed":7,"stat.drop.minecraft.ghast_tear":7,"stat.pickup.minecraft.bone":274,"stat.pickup.actuallyadditions.itemCrystal":448,"stat.craftItem.minecraft.sticky_piston":1,"stat.craftItem.ceramics.unfired_clay":2,"stat.pickup.minecraft.redstone_torch":12,"stat.useItem.mysticalagriculture.supremium_furnace":1,"stat.craftItem.minecraft.bone":152,"stat.useItem.enderstorage.enderStorage":4,"stat.mineBlock.minecraft.brown_mushroom":1,"stat.mineBlock.enderio.blockSagMill":1,"achievements.xu2.magical.wood":8,"stat.craftItem.mysticalagriculture.intermedium_essence":2,"stat.pickup.lootbags.itemlootbag":10,"stat.useItem.fluxnetworks.FluxPoint":20,"stat.drop.minecraft.quartz":20,"stat.pickup.exnihiloadscensio.blockNetherrackCrushed":384,"stat.mineBlock.chisel.obsidian":3,"stat.craftItem.minecraft.quartz":96,"stat.craftItem.enderio.itemYetaWrench":1,"stat.craftItem.minecraft.stone_pickaxe":1,"stat.drop.actuallyadditions.itemPaxelCrystalGreen":3,"stat.craftItem.actuallyadditions.itemShovelCrystalGreen":1,"stat.useItem.actuallyadditions.itemPickaxeQuartz":12,"stat.craftItem.actuallyadditions.blockPlacer":7,"stat.pickup.minecraft.cobblestone":116,"stat.craftItem.actuallyadditions.blockCompost":1,"stat.pickup.minecraft.soul_sand":4,"stat.pickup.minecraft.redstone":193,"stat.craftItem.minecraft.book":12,"stat.pickup.chisel.obsidian":3,"stat.drop.extrautils2.angelring":1,"stat.pickup.integrateddynamics.on_the_dynamics_of_integration":1,"stat.craftItem.simplyjetpacks.metaItemMods":8,"stat.mineBlock.fluxnetworks.FluxPlug":2,"stat.useItem.harvestcraft.cottonItem":5,"achievement.spawnWither":140,"stat.useItem.tconstruct.edible":1,"stat.pickup.exnihiloadscensio.itemOreSilver":2,"stat.pickup.mysticalagriculture.wither_skeleton_seeds":3,"stat.pickup.minecraft.nether_star":11,"stat.craftItem.extrautils2.soundmuffler":1,"stat.pickup.actuallyadditions.itemBootsCrystalBlack":1,"stat.useItem.extrautils2.angelblock":5,"stat.craftItem.minecraft.stick":98,"stat.useItem.extrautils2.passivegenerator":13,"stat.craftItem.mysticalagriculture.inferium_block":8,"stat.craftItem.actuallyadditions.blockGrinder":1,"stat.useItem.extrautils2.soundmuffler":1,"stat.craftItem.minecraft.gold_nugget":18,"stat.craftItem.minecraft.clay_ball":120,"stat.pickup.botania.flower":102,"stat.mineBlock.minecraft.planks":12,"stat.drop":152,"stat.useItem.tp.diamond_cobblegen_block":1,"stat.craftItem.actuallyadditions.itemHoeCrystalGreen":1,"stat.pickup.draconicevolution.draconic_core":5,"stat.killEntity.Sheep":14,"stat.useItem.tconstruct.seared":24,"stat.useItem.draconicevolution.grinder":1,"stat.craftItem.extrautils2.spike_wood":4,"stat.craftItem.minecraft.piston":1,"stat.pickup.immersiveengineering.shaderBag":1,"stat.useItem.exnihiloadscensio.itemMaterial":5,"stat.useItem.extrautils2.machine":1,"stat.useItem.mysticalagriculture.ultimate_furnace":1,"stat.pickup.bigreactors.reactorglass":340,"stat.useItem.minecraft.apple":7,"stat.pickup.minecraft.fence":3,"stat.useItem.botania.altar":3,"stat.pickup.exnihiloadscensio.itemOreAluminium":15,"stat.killEntity.Rooster":2,"stat.drop.botania.manaTablet":1,"stat.useItem.refinedstorage.external_storage":1,"stat.useItem.chickenchunks.chickenChunkLoader":1,"stat.useItem.minecraft.redstone_lamp":2,"stat.mineBlock.tconstruct.tooltables":1,"stat.useItem.enderio.itemSoulVessel":3,"stat.pickup.exnihiloadscensio.hammerStone":1,"stat.craftItem.minecraft.iron_bars":80,"stat.useItem.mob_grinding_utils.null_sword":2,"stat.pickup.minecraft.prismarine_shard":141,"stat.craftItem.storagedrawers.basicDrawers":8,"stat.damageDealt":39622,"stat.craftItem.minecraft.bowl":4,"stat.craftItem.rftools.logic_block":1,"stat.pickup.botania.doubleFlower2":75,"stat.pickup.botania.doubleFlower1":13,"stat.craftItem.mysticalagriculture.nether_cluster":4,"stat.craftItem.enderio.itemBasicCapacitor":76,"stat.pickup.minecraft.stick":4,"achievement.enchantments":1,"stat.pickup.enderio.blockFusedQuartz":2,"stat.breakItem.minecraft.stone_pickaxe":1,"ftbl.stat.last_seen":{"value":0,"progress":1530263363117},"stat.mineBlock.botania.altar":2,"stat.craftItem.tp.growth_block":6,"stat.craftItem.minecraft.writable_book":3,"stat.useItem.botania.specialFlower":11,"stat.craftItem.mysticalagriculture.ultimate_furnace":1,"stat.craftItem.actuallyadditions.itemPaxelCrystalGreen":1,"stat.craftItem.harvestcraft.applejuiceItem":85,"stat.killEntity.Chicken":16,"stat.pickup.exnihiloadscensio.crookWood":1,"stat.pickup.botania.avatar":1,"stat.useItem.minecraft.golden_apple":2,"stat.mineBlock.minecraft.leaves":17174,"stat.useItem.tconstruct.longbow":96,"stat.pickup.actuallyadditions.itemPantsObsidian":1,"stat.pickup.mysticalagriculture.sheep_chunk":1,"stat.useItem.enderio.blockAlloySmelter":1,"stat.pickup.colossalchests.colossalChest":1,"stat.drop.exnihiloadscensio.hammerStone":3,"stat.pickup.minecraft.wooden_slab":38,"stat.leaveGame":17,"stat.craftItem.rftools.spawner":1,"stat.craftItem.exnihiloadscensio.itemOreCobalt":2,"stat.craftItem.notenoughwands.teleportation_wand":1,"stat.craftItem.minecraft.ender_eye":18,"stat.killEntity.PigZombie":7,"stat.craftItem.minecraft.stone_pressure_plate":1,"stat.useItem.elevatorid.elevator_white":2,"stat.craftItem.storagedrawers.drawerKey":1,"stat.mineBlock.gravestone.gravestone":2,"stat.useItem.tp.ReinforcedGlass":41,"stat.craftItem.exnihiloadscensio.itemOreGold":1,"stat.craftItem.exnihiloadscensio.itemOreArdite":2,"stat.craftItem.enderio.itemSoulVessel":1,"stat.pickup.natura.materials":11,"stat.craftItem.minecraft.noteblock":1,"stat.mineBlock.extrautils2.angelblock":2,"stat.mineBlock.minecraft.wooden_slab":49,"stat.pickup.tconstruct.piggybackpack":1,"stat.drop.minecraft.sand":1,"stat.useItem.harvestcraft.donutItem":1,"stat.craftItem.actuallyadditions.blockAtomicReconstructor":1,"stat.mineBlock.minecraft.hopper":2,"stat.mineBlock.botania.flower":102,"stat.craftItem.harvestcraft.juicerItem":1,"stat.craftItem.mysticalagriculture.skeleton_seeds":1,"stat.craftItem.exnihiloadscensio.itemMesh":7,"stat.craftItem.extrautils2.decorativesolidwood":1,"stat.craftItem.excompressum.compressed_crook":1,"stat.pickup.harvestcraft.juicerItem":3,"stat.pickup.botania.livingwood":94,"stat.pickup.minecraft.beef":4,"stat.pickup.chisel.stonebrick":1,"stat.useItem.botania.spreader":3,"achievement.openInventory":1748,"stat.craftItem.actuallyadditions.blockMisc":14,"stat.pickup.mob_grinding_utils.absorption_hopper":1,"stat.pickup.exnihiloadscensio.itemSeedOak":3,"stat.useItem.minecraft.wooden_button":1,"stat.useItem.minecraft.dye":238,"stat.pickup.harvestcraft.cottonItem":323,"stat.useItem.forge.bucketFilled":47,"stat.useItem.enderio.itemPowerConduit":57,"stat.craftItem.botania.runeAltar":1,"stat.craftItem.immersiveengineering.metal":48,"stat.drop.minecraft.torch":1,"stat.mineBlock.minecraft.tallgrass":174,"stat.useItem.mob_grinding_utils.absorption_hopper":2,"stat.mineBlock.ironchest.BlockIronChest":3,"stat.useItem.refinedstorage.cable":11,"stat.useItem.minecraft.stone":72,"stat.useItem.bigreactors.reactorglass":13,"stat.pickup.minecraft.arrow":166,"stat.killEntity.Ghast":5,"stat.useItem.minecraft.clay":23,"stat.useItem.darkutils.timer":1,"achievement.killCow":2,"stat.pickup.exnihiloadscensio.itemOreArdite":7,"stat.mineBlock.exnihiloadscensio.blockBarrel1":1,"stat.mineBlock.exnihiloadscensio.blockBarrel0":7,"stat.pickup.actuallyadditions.blockCrystal":64,"stat.pickup.ironchest.BlockIronChest":2,"stat.craftItem.minecraft.wooden_sword":3,"stat.craftItem.draconicevolution.draconic_core":37,"stat.craftItem.draconicevolution.infused_obsidian":10,"stat.pickup.minecraft.wheat_seeds":145,"stat.pickup.darkutils.material":22,"stat.mineBlock.minecraft.dirt":32,"stat.useItem.refinedstorage.solderer":10,"stat.pickup.immersiveengineering.seed":7,"stat.useItem.minecraft.cobblestone":1039,"stat.useItem.minecraft.gravel":486,"stat.mineBlock.botania.avatar":1,"stat.mineBlock.enderio.blockFusedQuartz":3,"stat.craftItem.extrautils2.angelblock":20,"stat.drop.minecraft.chicken":1,"stat.pickup.actuallyadditions.blockEmpowerer":1,"stat.craftItem.minecraft.gold_ingot":24,"stat.craftItem.mysticalagriculture.charm_fire":2,"stat.pickup.minecraft.hopper":2,"stat.craftItem.minecraft.brewing_stand":2,"stat.useItem.refinedstorage.exporter":1,"stat.pickup.minecraft.apple":100,"stat.craftItem.immersiveengineering.tool":1,"achievement.portal":13,"stat.pickup.tp.CharcoalBlock":2,"stat.mineBlock.fluxnetworks.FluxPoint":4,"stat.mineBlock.minecraft.log":2726,"stat.craftItem.botania.twigWand":1,"achievement.acquireIron":47,"stat.pickup.minecraft.red_flower":11,"stat.pickup.tp.BoneBlock":3,"stat.pickup.minecraft.wool":13,"stat.useItem.minecraft.wooden_axe":50,"stat.pickup.exnihiloadscensio.blockBarrel0":6,"stat.pickup.exnihiloadscensio.blockBarrel1":1,"stat.killEntity.headcrumbs.Human":1,"stat.useItem.minecraft.iron_axe":41,"stat.mineBlock.minecraft.yellow_flower":10,"stat.useItem.refinedstorage.disk_drive":1,"stat.useItem.minecraft.skull":15,"achievement.actuallyadditions.getCrystalsMilestone":{"value":0,"progress":["8"]},"stat.craftItem.minecraft.wool":28,"stat.drop.exnihiloadscensio.crookWood":2,"stat.craftItem.draconicevolution.grinder":1,"stat.pickup.hatchery.animalnet":1,"achievement.buildWorkBench":2,"stat.useItem.botania.dirtRod":12,"stat.useItem.minecraft.obsidian":177,"stat.pickup.minecraft.bow":1,"stat.useItem.rftools.logic_block":2,"stat.useItem.minecraft.egg":20,"stat.mineBlock.minecraft.obsidian":1,"stat.drop.baconators.darkonator":3,"stat.pickup.mysticalagriculture.pig_chunk":3,"stat.flyOneCm":3538895,"stat.craftItem.actuallyadditions.blockGreenhouseGlass":12,"stat.craftItem.extrautils2.grocket":4,"stat.craftItem.botania.dye":121,"stat.pickup.baconators.darkonator":4,"stat.timeSinceDeath":213092,"stat.useItem.exnihiloadscensio.blockDust":1,"stat.craftItem.draconicevolution.generator":1,"stat.useItem.actuallyadditions.blockPlacer":7,"stat.mineBlock.botania.livingwood":94,"stat.pickup.hatchery.chickenmanure":333,"stat.craftItem.tp.BoneBlock":24,"stat.useItem.actuallyadditions.itemPaxelCrystalGreen":940,"stat.mineBlock.enderio.blockCapBank":1,"stat.pickup.minecraft.nether_wart":10,"stat.craftItem.tconstruct.seared":3,"stat.useItem.natura.overworld_seeds":9,"stat.craftItem.minecraft.stone_hoe":1,"stat.pickup.extrautils2.ingredients":3,"stat.useItem.simplegenerators.lava_generator":30,"stat.pickup.minecraft.string":382,"stat.pickup.botania.manaResource":6,"stat.craftItem.tconstruct.tooltables":2,"stat.craftItem.excompressum.heavy_sieve":2,"stat.craftItem.extrautils2.bagofholding":1,"stat.pickup.exnihiloadscensio.itemOreCobalt":6,"stat.craftItem.tconstruct.ingots":4,"stat.craftItem.actuallyadditions.itemSuctionRing":1,"stat.craftItem.chickenchunks.chickenChunkLoader":1,"achievement.killEnemy":81,"stat.pickup.chisel.laboratory":8,"stat.craftItem.minecraft.golden_sword":1,"stat.pickup.enderstorage.enderStorage":1,"stat.breakItem.moreshears.stoneShears":2,"stat.diveOneCm":11239,"stat.pickup.fluxnetworks.FluxPlug":2,"stat.pickup.tconstruct.tooltables":1,"stat.useItem.minecraft.sticky_piston":1,"achievement.buildHoe":8,"stat.pickup.mysticalagriculture.superium_boots":2,"stat.useItem.simplegenerators.lava_generator_2":2,"achievement.simplegenerators.craft_lava_gen":1,"stat.craftItem.minecraft.diamond_sword":4,"stat.useItem.minecraft.sand":297,"stat.jump":2707,"stat.pickup.notenoughwands.teleportation_wand":3,"stat.pickup.mysticalagriculture.superium_leggings":2,"stat.craftItem.actuallyadditions.blockGiantChest":3,"stat.craftItem.minecraft.torch":36,"achievement.makeBread":9,"stat.pickup.mysticalagriculture.soulium_dagger":1,"stat.craftItem.minecraft.glowstone_dust":32,"stat.useItem.minecraft.sapling":422,"achievement.blazeRod":6,"stat.craftItem.minecraft.feather":128,"stat.damageTaken":3489,"stat.mineBlock.minecraft.sapling":2,"stat.craftItem.hatchery.animalnet":1,"stat.useItem.exnihiloadscensio.hammerIron":493,"stat.useItem.mob_grinding_utils.spikes":4,"stat.craftItem.mysticalagriculture.supremium_block":3,"stat.useItem.refinedstorage.detector":2,"stat.pickup.botania.altar":2,"stat.drop.botania.petal":12,"stat.craftItem.minecraft.stone_slab":135,"stat.pickup.hatchery.hatcheryegg":79,"stat.useItem.minecraft.chest":8,"stat.craftItem.harvestcraft.pamcottonCrop":10,"stat.craftItem.enderio.itemAlloy":227,"stat.craftItem.mysticalagriculture.skeleton_chunk":3,"stat.pickup.minecraft.ender_pearl":386,"stat.useItem.minecraft.netherrack":11,"stat.craftItem.minecraft.bookshelf":1,"stat.mineBlock.minecraft.stonebrick":96,"stat.useItem.botania.livingrock":8,"stat.pickup.exnihiloadscensio.blockEndstoneCrushed":23,"stat.mineBlock.chisel.laboratory":4,"stat.craftItem.botania.spreader":2,"stat.mineBlock.enderstorage.enderStorage":3,"stat.pickup.minecraft.torch":26,"stat.breakItem.exnihiloadscensio.crookWood":4,"stat.drop.shear.clipper":1,"stat.useItem.refinedstorage.network_transmitter":1,"stat.drop.actuallyadditions.itemCrafterOnAStick":1,"stat.pickup.immersiveengineering.metalDevice1":4,"stat.craftItem.actuallyadditions.itemAxeCrystalGreen":1,"stat.drop.botania.dirtRod":1,"stat.useItem.minecraft.planks":21,"stat.pickup.minecraft.porkchop":20,"stat.pickup.minecraft.blaze_powder":13,"stat.pickup.minecraft.glass":40,"stat.craftItem.hatchery.nest":3,"stat.useItem.minecraft.water_bucket":4,"achievements.xu2.wrench":17756,"stat.pickup.minecraft.sand":504,"stat.craftItem.minecraft.golden_apple":5,"stat.craftItem.minicoal.miniCoal":28,"stat.craftItem.exnihiloadscensio.blockCrucible":16,"achievement.diamonds":4,"achievement.buildBetterPickaxe":2,"stat.pickup.actuallyadditions.itemBooklet":1,"stat.drop.ceramics.clay_bucket":1,"stat.craftItem.mysticalagriculture.superium_block":2,"stat.pickup.actuallyadditions.blockTestifiBucksWhiteWall":64,"stat.craftItem.refinedstorage.machine_casing":5,"stat.craftItem.cookingforblockheads.sink":1,"stat.mineBlock.botania.doubleFlower2":75,"stat.mineBlock.botania.doubleFlower1":13,"stat.craftItem.minecraft.ender_pearl":28,"stat.useItem.minecraft.redstone":11,"stat.useItem.integrateddynamics.dryingBasin":1,"achievement.mineWood":204,"stat.breakItem.exnihiloadscensio.hammerStone":15,"stat.pickup.minecraft.skull":11,"stat.mineBlock.extrautils2.passivegenerator":5,"stat.craftItem.minecraft.netherrack":800,"stat.drop.tconstruct.broadsword":1,"stat.craftItem.chickens.colored_egg":3,"stat.pickup.rftools.logic_block":1,"stat.craftItem.moarsigns.moar_sign":3,"stat.useItem.minecraft.hopper":1,"stat.craftItem.botania.manaTablet":1,"stat.drop.extrautils2.passivegenerator":1,"stat.useItem.hatchery.animalnet":76,"stat.playOneMinute":1792569,"stat.useItem.exnihiloadscensio.hammerStone":1862,"stat.craftItem.mysticalagriculture.growth_accelerator":2,"stat.pickup.mysticalagriculture.iron_seeds":1,"stat.pickup.natura.overworld_seeds":15,"stat.pickup.minecraft.iron_bars":1,"stat.craftItem.immersiveengineering.metalDecoration2":9,"stat.craftItem.tp.growth_upgrade":1,"stat.mineBlock.minecraft.netherrack":387,"stat.pickup.exnihiloadscensio.itemSeedBirch":4,"stat.pickup.botania.manaTablet":1,"stat.mineBlock.tconstruct.faucet":1,"stat.mineBlock.bigreactors.reactorglass":404,"stat.pickup.mysticalagriculture.supremium_essence":24,"stat.fallOneCm":60126,"stat.useItem.bigreactors.reactorcasing":190,"stat.craftItem.draconicevolution.crafting_pedestal":10,"stat.craftItem.minecraft.chest":24,"stat.mineBlock.botania.livingrock":71,"stat.craftItem.hatchery.fertilized_dirt":10,"stat.craftItem.mysticalagriculture.tier5_mob_chunk":3,"stat.pickup.minecraft.feather":275,"stat.drop.extrautils2.pipe":1,"stat.craftItem.mysticalagriculture.wither_skeleton_chunk":3,"stat.useItem.refinedstorage.wireless_grid":1,"stat.useItem.minecraft.stone_pickaxe":142,"stat.craftItem.draconicevolution.wyvern_core":10,"stat.mineBlock.refinedstorage.detector":2,"stat.pickup.enderio.itemItemConduit":13,"stat.craftItem.draconicevolution.dislocator":1,"stat.useItem.extrautils2.grocket":6,"stat.craftItem.extrautils2.compressedgravel":27,"stat.mineBlock.enderio.blockConduitBundle":38,"stat.craftItem.ceramics.clay_bucket":3,"stat.killEntity.LavaSlime":4,"stat.pickup.minecraft.log":2615,"achievement.theEnd2":1,"stat.craftItem.enderio.itemItemConduit":16,"stat.pickup.tconstruct.broadsword":1,"stat.pickup.actuallyadditions.blockDisplayStand":1,"stat.useItem.minecraft.stone_hoe":28,"stat.pickup.actuallyadditions.blockTinyTorch":2,"stat.pickup.randomthings.lavaCharm":2,"stat.useItem.enderio.blockInhibitorObelisk":1,"stat.drop.botania.livingrock":1,"stat.sneakTime":32347,"stat.drop.enderio.itemItemConduit":1,"stat.mineBlock.mob_grinding_utils.tank":1,"stat.craftItem.minecraft.enchanting_table":1,"stat.mineBlock.bigreactors.reactorcasing":42,"stat.useItem.actuallyadditions.blockDisplayStand":5,"stat.mineBlock.mysticalagriculture.growth_accelerator":21,"stat.craftItem.draconicevolution.wyvern_sword":1,"stat.pickup.shear.clipper":1,"stat.craftItem.botania.petal":502,"stat.craftItem.botania.alchemyCatalyst":1,"stat.swimOneCm":12405,"stat.craftItem.integrateddynamics.dryingBasin":1,"stat.pickup.tconstruct.arrow":1,"stat.mineBlock.rftools.logic_block":1,"stat.useItem.minecraft.dirt":70,"achievement.exploreAllBiomes":{"value":0,"progress":["Birch Forest Hills","Roofed Forest","Birch Forest","Forest","Plains","Meneglin","The End","Hell"]},"stat.useItem.gyth.modular_tank":2,"stat.useItem.botania.fertilizer":29,"stat.drop.minecraft.ender_pearl":1,"stat.craftItem.draconicevolution.draconic_ingot":9,"stat.useItem.hatchery.hatcheryegg":9,"stat.pickup.minecraft.clay":13,"stat.useItem.exnihiloadscensio.blockBarrel0":6,"stat.useItem.exnihiloadscensio.blockBarrel1":1,"stat.drop.minecraft.wheat_seeds":5,"stat.craftItem.minecraft.wooden_slab":186,"stat.useItem.actuallyadditions.blockSmileyCloud":2,"stat.useItem.tconstruct.broadsword":10,"stat.pickup.actuallyadditions.itemFood":7,"stat.drop.minecraft.log":7,"stat.pickup.minecraft.mutton":22,"achievement.theEnd":1,"stat.useItem.minecraft.lever":3,"stat.useItem.enderio.blockSagMill":2,"stat.pickup.chisel.chisel_diamond":1,"achievements.xu2.techtree.start":22,"stat.pickup.minecraft.stonebrick":12,"stat.craftItem.draconicevolution.tool_upgrade":1,"stat.pickup.exnihiloadscensio.hammerIron":1,"stat.mineBlock.minecraft.nether_brick":2,"stat.pickup.mob_grinding_utils.wither_muffler":2,"stat.craftItem.botania.manaResource":4,"stat.craftItem.actuallyadditions.itemBatteryDouble":1,"stat.pickup.enderio.itemLiquidConduit":12,"stat.craftItem.enderio.itemRedstoneConduit":8,"stat.useItem.minecraft.stone_slab":20,"stat.craftItem.draconicevolution.wyvern_energy_core":1,"stat.useItem.refinedstorage.importer":15,"stat.craftItem.minecraft.stone":75,"stat.mineBlock.minecraft.crafting_table":1,"stat.craftItem.mysticalagriculture.charm_blank":2,"stat.drop.minecraft.golden_apple":3,"stat.craftItem.natura.materials":75,"stat.pickup.mysticalagriculture.chicken_chunk":5,"stat.useItem.mob_grinding_utils.wither_muffler":2,"achievement.buildFurnace":5,"stat.useItem.draconicevolution.fusion_crafting_core":2,"stat.craftItem.actuallyadditions.blockCrystal":21,"stat.craftItem.draconicevolution.dislocator_receptacle":1,"stat.craftItem.exnihiloadscensio.hammerStone":16,"stat.mineBlock.exnihiloadscensio.blockInfestedLeaves":296,"stat.pickup.minecraft.gravel":955,"stat.craftItem.immersiveengineering.metalDevice1":7,"stat.pickup.exnihiloadscensio.itemSeedSpruce":3,"stat.pickup.tp.ReinforcedGlass":74,"stat.pickup.chickenchunks.chickenChunkLoader":1,"stat.useItem.cookingforblockheads.sink":1,"stat.craftItem.enderio.itemPowerConduit":48,"stat.craftItem.flyringbaublemod.AngelRing":1,"stat.pickup.actuallyadditions.itemPaxelCrystalGreen":5,"stat.useItem.tconstruct.tooltables":2,"stat.useItem.actuallyadditions.itemRiceSeed":2,"stat.craftItem.minecraft.bread":38,"stat.craftItem.extrautils2.chickenring":4,"stat.mineBlock.minecraft.iron_bars":1,"stat.pickup.mysticalagriculture.experience_chunk":2,"stat.pickup.minecraft.leather":3,"stat.craftItem.exnihiloadscensio.crookWood":10,"stat.dispenserInspected":4,"stat.useItem.enderio.blockSliceAndSplice":2,"stat.pickup.exnihiloadscensio.itemOreIron":149,"stat.craftItem.mysticalagriculture.tier1_crafting_seed":5,"stat.useItem.minecraft.magma":1,"stat.pickup.tconstruct.materials":3,"stat.craftItem.minecraft.glass":43,"stat.pickup.exnihiloadscensio.itemSeedCarrot":5,"stat.craftItem.minecraft.cauldron":1,"stat.killEntity.Cow":2,"stat.mineBlock.excompressum.heavy_sieve":1,"stat.killEntity.Pig":10,"stat.useItem.enderio.blockSelfResettingLever60":1,"stat.walkOneCm":2949101,"stat.craftItem.excompressum.compressed_block":28,"stat.craftItem.quantumstorage.quantumdsu":1,"stat.pickup.minecraft.clay_ball":176,"stat.craftItem.elevatorid.elevator_white":2,"stat.pickup.mysticalagriculture.inferium_essence":32,"stat.mineBlock.hatchery.pen":6,"stat.useItem.betterbuilderswands.wandDiamond":60,"stat.useItem.exnihiloadscensio.blockSieve":10,"stat.pickup.minecraft.stone":10,"stat.craftItem.minecraft.hay_block":8,"stat.pickup.mysticalagriculture.superium_helmet":2,"stat.killEntity.Skeleton":47,"stat.craftItem.minecraft.skull":33,"stat.mineBlock.botania.specialFlower":5,"stat.mineBlock.minecraft.redstone_torch":8,"stat.craftItem.tp.ReinforcedGlass":10,"stat.killEntity.Spider":1,"stat.pickup.tconstruct.longbow":2,"stat.pickup.exnihiloadscensio.blockDust":296,"stat.craftItem.simplegenerators.lava_generator":1,"stat.pickup.enderio.blockCapBank":1,"stat.pickup.minecraft.quartz":571,"stat.useItem.excompressum.wooden_crucible":1,"stat.pickup.minecraft.water_bucket":1,"stat.useItem.bigreactors.reactorcontrolrod":15,"stat.craftItem.minecraft.coal_block":1,"stat.useItem.actuallyadditions.blockAtomicReconstructor":1,"stat.craftItem.draconicevolution.fusion_crafting_core":1,"stat.craftItem.actuallyadditions.itemSwordCrystalGreen":1,"stat.mineBlock.minecraft.stone":13,"stat.craftItem.actuallyadditions.itemDrill":1}