{"stat.useItem.minecraft.bow":73,"stat.pickup.betterbuilderswands.wandDiamond":3,"stat.craftItem.mysticalagriculture.infusion_crystal":6,"stat.pickup.draconicevolution.wyvern_pick":1,"stat.mineBlock.cookingforblockheads.cowJar":1,"stat.pickup.actuallyadditions.itemPickaxeObsidian":1,"stat.craftItem.cookingforblockheads.milkJar":1,"stat.useItem.immersiveengineering.metalDevice1":173,"stat.useItem.fluxnetworks.FluxPlug":3,"stat.mineBlock.refinedstorage.exporter":25,"stat.useItem.extrautils2.goldenlasso":3,"stat.craftItem.extrautils2.endershard":16,"stat.pickup.minecraft.rotten_flesh":149,"stat.craftItem.ironchest.BlockIronChest":30,"stat.pickup.minecraft.bucket":2,"stat.killEntity.Enderman":14,"stat.useItem.harvestcraft.cottonseedItem":3,"stat.useItem.dimensionalcake.blockEndCake":1,"stat.pickup.roots.oldRoot":3,"stat.pickup.gyth.modular_tank":2,"stat.useItem.minecraft.anvil":2,"stat.useItem.actuallyadditions.itemPickaxeObsidian":1394,"stat.pickup.minecraft.brown_mushroom":3,"achievement.buildPickaxe":1,"stat.craftItem.excompressum.compressed_hammer_diamond":2,"stat.useItem.colossalchests.interface":2,"stat.craftItem.extrautils2.machine":20,"stat.useItem.hatchery.pen":35,"stat.useItem.minecraft.iron_pickaxe":29,"stat.craftItem.enderio.blockKillerJoe":1,"stat.pickup.excompressum.heavy_sieve":2,"stat.pickup.exnihiloadscensio.itemSeedAcacia":5,"stat.furnaceInteraction":146,"stat.craftItem.exnihiloadscensio.itemOreNickel":132,"stat.pickup.draconicevolution.wyvern_core":38,"stat.craftItem.mysticalagriculture.tier3_crafting_seed":5,"stat.mineBlock.minecraft.wooden_button":1,"stat.mineBlock.bigreactors.reactorfuelrod":14,"stat.useItem.minecraft.fence":1,"stat.pickup.draconicevolution.tool_upgrade":10,"stat.pickup.mysticalagriculture.tier1_inferium_seeds":2,"stat.useItem.enderio.blockExperienceObelisk":1,"stat.mineBlock.minecraft.fence":5,"stat.useItem.minecraft.wheat_seeds":4,"stat.craftItem.mysticalagriculture.dye_seeds":1,"stat.pickup.minecraft.emerald":30,"stat.pickup.minecraft.lever":3,"stat.deaths":4,"stat.pickup.minecraft.egg":13,"stat.pickup.extrautils2.angelblock":1,"stat.useItem.enderio.blockKillerJoe":1,"stat.craftItem.minecraft.iron_pickaxe":2,"stat.craftItem.enderio.itemMaterial":278,"stat.useItem.chisel.planks-oak":6,"stat.pickup.minecraft.glass_pane":20,"stat.craftItem.mysticalagriculture.tier5_crafting_seed":4,"stat.chestOpened":577,"stat.useItem.moarsigns.moar_sign":11,"stat.useItem.snad.snad":1,"stat.useItem.chisel.stonebrick":23,"stat.breakItem.chisel.chisel_iron":2,"stat.pickup.exnihiloadscensio.itemOreNickel":21,"stat.pickup.minecraft.carrot":1,"stat.crouchOneCm":197374,"stat.craftItem.minecraft.iron_ingot":720,"stat.mineBlock.enderio.blockKillerJoe":1,"stat.craftItem.enderio.blockSagMill":1,"stat.craftItem.extrautils2.decorativesolid":36,"stat.mineBlock.minecraft.wooden_pressure_plate":2,"stat.craftItem.mysticalagriculture.intermedium_apple":1,"stat.mineBlock.tconstruct.rack":6,"stat.craftItem.tconstruct.pattern":2,"stat.pickup.exnihiloadscensio.itemMaterial":6,"stat.craftItem.betterbuilderswands.wandDiamond":1,"stat.pickup.mysticalagriculture.intermedium_essence":9,"stat.pickup.minecraft.dye":1617,"stat.pickup.minecraft.planks":1527,"stat.craftItem.exnihiloadscensio.hammerIron":2,"stat.craftItem.enderio.itemMachinePart":6,"achievement.firstTeleport":2,"stat.pickup.refinedstorage.processor":1,"stat.pickup.exnihiloadscensio.itemOreLead":23,"stat.pickup.minecraft.chicken":7,"stat.craftItem.harvestcraft.cottonseedItem":94,"stat.pickup.bigreactors.reactorcasing":192,"stat.useItem.mysticalagriculture.growth_accelerator":1,"stat.craftItem.minecraft.bucket":1,"stat.craftItem.minecraft.planks":1244,"stat.craftItem.minecraft.dirt":108,"stat.pickup.minecraft.stone_sword":3,"stat.mineBlock.storagedrawers.basicDrawers":4,"stat.craftItem.mysticalagriculture.prudentium_apple":1,"stat.pickup.draconicevolution.crafting_pedestal":13,"stat.pickup.extrautils2.pipe":17,"draconicevolution.dust":1,"stat.useItem.rftools.crafter3":19,"stat.mineBlock.cookingforblockheads.sink":4,"stat.useItem.enderio.itemLiquidConduit":226,"stat.useItem.quantumstorage.quantumdsu":31,"stat.mineBlock.minecraft.cobblestone":779,"stat.pickup.refinedstorage.detector":10,"stat.pickup.enderio.itemYetaWrench":1,"stat.useItem.enderio.blockCapBank":14,"stat.craftItem.mysticalagriculture.blaze_seeds":1,"stat.useItem.exnihiloadscensio.crookWood":41,"stat.useItem.colossalchests.chestWall":119,"stat.craftItem.minecraft.furnace":15,"stat.craftItem.minecraft.lapis_block":25,"stat.craftItem.hatchery.sprayer":1,"stat.mineBlock.minecraft.clay":64,"stat.pickup.mysticalagriculture.prudentium_essence":3,"stat.useItem.actuallyadditions.blockGiantChest":10,"stat.craftItem.actuallyadditions.itemMisc":28,"stat.craftItem.extrautils2.passivegenerator":2,"stat.useItem.excompressum.auto_hammer":1,"stat.useItem.minecraft.wooden_slab":39,"stat.craftItem.minecraft.iron_block":6,"stat.craftItem.minecraft.stonebrick":36,"stat.pickup.exnihiloadscensio.itemOreGold":25,"stat.craftItem.mysticalagriculture.wood_seeds":1,"stat.craftItem.excompressum.auto_compressed_hammer":2,"stat.killEntity.Creeper":24,"stat.craftItem.refinedstorage.quartz_enriched_iron":256,"stat.pickup.extrautils2.angelring":4,"stat.pickup.rftoolsdim.dimlet_control_circuit":1,"stat.useItem.tp.growth_upgrade":124,"stat.useItem.actuallyadditions.itemDrill":2,"achievement.buildSword":15,"stat.killEntity.Squid":5,"stat.useItem.minecraft.dropper":3,"stat.sprintOneCm":1009554,"stat.mineBlock.minecraft.stone_slab":630,"stat.craftItem.mysticalagriculture.coal_seeds":1,"stat.pickup.extrautils2.passivegenerator":4,"stat.craftItem.mysticalagriculture.supremium_chestplate":1,"stat.drop.actuallyadditions.itemDrill":1,"stat.pickup.cookingforblockheads.sink":5,"stat.pickup.mysticalagriculture.supremium_furnace":1,"stat.craftItem.mysticalagriculture.tier4_inferium_seeds":1,"stat.pickup.minecraft.sugar":2,"stat.useItem.minecraft.cake":5,"stat.useItem.minecraft.banner":1,"stat.pickup.refinedstorage.pattern":1,"stat.killEntity.Zombie":40,"stat.craftItem.minecraft.dye":458,"stat.pickup.minecraft.wheat":20,"stat.craftItem.mysticalagriculture.tier2_crafting_seed":21,"stat.pickup.exnihiloadscensio.itemSeedJungle":6,"stat.mineBlock.tp.iron_cobblegen_block":4,"stat.craftItem.mysticalagriculture.steel_seeds":1,"stat.pickup.environmentaltech.controller_void_res_miner_1":1,"stat.pickup.draconicevolution.dragon_heart":5,"stat.pickup.minecraft.obsidian":3,"stat.pickup.mysticalagriculture.gold_essence":6,"stat.useItem.bigreactors.reactorfuelrod":70,"stat.useItem.harvestcraft.toastItem":11,"stat.pickup.minecraft.coal":1410,"stat.pickup.minecraft.iron_ingot":304,"stat.craftItem.minecraft.lever":5,"stat.useItem.exnihiloadscensio.itemSeedSugarcane":1,"stat.craftItem.refinedstorage.grid":4,"stat.pickup.minecraft.gunpowder":39,"stat.craftItem.refinedstorage.external_storage":3,"stat.useItem.cookingforblockheads.cowJar":1,"stat.pickup.minecraft.dirt":1098,"stat.useItem.ironchest.BlockIronChest":203,"stat.craftItem.draconicevolution.draconic_energy_core":4,"stat.useItem.minecraft.dispenser":4,"stat.pickup.exnihiloadscensio.itemSeedSugarcane":6,"stat.pickup.minecraft.iron_axe":1,"stat.craftItem.extrautils2.goldenlasso":1,"stat.mineBlock.minecraft.torch":76,"stat.pickup.fluxnetworks.FluxPoint":30,"stat.useItem.botania.avatar":1,"stat.pickup.minecraft.ender_eye":4,"stat.craftItem.minecraft.comparator":1,"stat.craftItem.minecraft.glowstone":4,"stat.craftItem.enderio.blockFusedQuartz":28,"stat.pickup.enderio.blockSagMill":1,"stat.craftItem.extrautils2.wateringcan":1,"stat.useItem.extrautils2.resonator":1,"stat.craftItem.exnihiloadscensio.itemOreAluminium":1,"stat.useItem.refinedstorage.crafter":25,"stat.craftItem.mysticalagriculture.diamond_seeds":1,"stat.mineBlock.exnihiloadscensio.blockSieve":10,"stat.pickup.actuallyadditions.itemFertilizer":48,"stat.craftItem.mysticalagriculture.tier3_inferium_seeds":2,"stat.useItem.enderio.itemRedstoneConduit":14,"stat.pickup.exnihiloadscensio.blockSieve":10,"stat.pickup.bigreactors.dustmetals":15,"stat.mineBlock.refinedstorage.cable":46,"stat.useItem.minecraft.redstone_ore":3,"stat.craftItem.enderio.itemLiquidConduit":56,"stat.craftItem.mysticalagriculture.superium_helmet":3,"stat.pickup.immersiveengineering.metalDecoration2":2,"stat.pickup.actuallyadditions.itemCoffeeSeed":1,"stat.mineBlock.immersiveengineering.metalDevice1":9,"stat.mineBlock.extrautils2.minichest":2,"stat.pickup.mysticalagriculture.superium_chestplate":1,"stat.craftItem.mysticalagriculture.obsidian_seeds":1,"stat.mobKills":217,"stat.pickup.excompressum.wooden_crucible":2,"stat.useItem.minecraft.boat":1,"stat.craftItem.mysticalagriculture.nature_seeds":1,"stat.craftItem.enderio.itemConduitProbe":1,"stat.pickup.minecraft.diamond":157,"stat.pickup.minecraft.beetroot_seeds":1,"stat.craftItem.refinedstorage.controller":1,"stat.useItem.betterbuilderswands.wandUnbreakable":59,"stat.craftItem.mysticalagriculture.lead_seeds":1,"stat.useItem.colossalchests.colossalChest":3,"stat.useItem.betterbuilderswands.wandIron":131,"stat.craftItem.immersiveengineering.treatedWood":24,"stat.pickup.enderio.itemPowerConduit":211,"stat.pickup.simplegenerators.lava_generator":20,"stat.useItem.minecraft.soul_sand":66,"stat.pickup.darkutils.chest_glass":2,"stat.killEntity.Blaze":24,"stat.pickup.mysticalagriculture.iron_essence":7,"stat.pickup.tp.QuartzDust":1,"stat.craftItem.colossalchests.colossalChest":2,"stat.pickup.harvestcraft.calamarirawItem":8,"stat.pickup.harvestcraft.toastItem":88,"stat.pickup.minecraft.glowstone_dust":226,"stat.mineBlock.immersiveengineering.ore":1,"stat.craftItem.mysticalagriculture.silver_seeds":1,"stat.pickup.environmentaltech.lens":1,"stat.mineBlock.minecraft.red_mushroom":5,"stat.pickup.enderio.itemRedstoneConduit":3,"stat.mineBlock.tp.ReinforcedGlass":4,"stat.useItem.exnihiloadscensio.blockCrucible":5,"stat.mineBlock.simplegenerators.lava_generator":20,"stat.mineBlock.minecraft.sand":65,"stat.craftItem.harvestcraft.toastItem":34,"stat.craftItem.mysticalagriculture.inferium_armor_core":12,"stat.pickup.actuallyadditions.itemFlaxSeed":2,"stat.craftItem.dimensionalcake.blockEndCake":1,"stat.hopperInspected":19,"stat.mineBlock.enderio.blockAlloySmelter":2,"stat.craftItem.mysticalagriculture.inferium_apple":1,"stat.craftItem.mysticalagriculture.base_crafting_seed":27,"stat.useItem.excompressum.heavy_sieve":1,"stat.pickup.actuallyadditions.blockCrystalEmpowered":3,"stat.pickup.minecraft.wooden_button":1,"stat.craftItem.exnihiloadscensio.itemOreIron":309,"stat.pickup.mysticalagriculture.nature_essence":1,"achievement.actuallyadditions.nameSmileyCloud":4,"achievement.environmentaltech.open_guide":7,"stat.useItem.draconicevolution.crafting_pedestal":14,"stat.pickup.minecraft.pumpkin_seeds":3,"stat.pickup.tconstruct.slime_dirt":1,"stat.craftItem.chisel.chisel_diamond":2,"stat.craftItem.immersiveengineering.material":14,"stat.mineBlock.minecraft.soul_sand":2,"stat.useItem.chisel.laboratory":30,"stat.pickup.minecraft.blaze_rod":28,"stat.craftItem.minecraft.diamond_block":12,"stat.craftItem.mysticalagriculture.supremium_helmet":1,"stat.useItem.cookingforblockheads.milkJar":1,"stat.pickup.minecraft.netherrack":20,"stat.pickup.exnihiloadscensio.itemMesh":11,"stat.mineBlock.actuallyadditions.blockCrystalEmpowered":1,"stat.useItem.refinedstorage.crafting_monitor":1,"stat.pickup.extrautils2.flattransfernode":1,"stat.useItem.chisel.stonebrick1":2,"stat.pickup.moarsigns.moar_sign":5,"stat.pickup.exnihiloadscensio.blockCrucible":3,"stat.craftItem.refinedstorage.upgrade":12,"stat.pickup.simplecorn.kernels":4,"stat.useItem.excompressum.auto_compressor":3,"stat.useItem.extrautils2.trashcan":9,"stat.pickup.excompressum.compressed_crook":1,"stat.pickup.minecraft.melon_seeds":3,"stat.craftItem.enderio.blockVat":1,"stat.pickup.minecraft.dropper":1,"stat.pickup.mysticalagriculture.prosperity_shard":32,"stat.useItem.bigreactors.reactoraccessport":2,"stat.dropperInspected":4,"stat.killEntity.natura.imp":3,"stat.useItem.minecraft.furnace":1,"stat.pickup.exnihiloadscensio.itemSeedDarkOak":11,"stat.craftItem.extrautils2.ingredients":12,"stat.pickup.minecraft.iron_leggings":1,"stat.mineBlock.mysticalagriculture.supremium_furnace":1,"stat.useItem.mysticalagriculture.nature_seeds":1,"stat.mineBlock.minecraft.gravel":337,"stat.craftItem.rftools.machine_frame":1,"stat.craftItem.mysticalagriculture.superium_essence":29,"stat.useItem.minecraft.torch":183,"stat.pickup.minecraft.golden_apple":7,"stat.craftItem.minecraft.redstone_block":2,"stat.useItem.minecraft.log":2,"stat.mineBlock.chisel.granite":4,"stat.craftItem.minecraft.crafting_table":16,"stat.craftItem.minecraft.boat":1,"stat.pickup.extrautils2.grocket":11,"stat.mineBlock.chisel.stonebrick":40,"stat.pickup.rftools.crafter3":11,"stat.useItem.mysticalagriculture.soulium_dagger":93,"stat.craftItem.enderio.blockVacuumChest":1,"stat.craftItem.minecraft.stone_button":1,"stat.pickup.minecraft.sapling":264,"stat.pickup.exnihiloadscensio.itemOreCopper":9,"stat.pickup.enderio.blockVacuumChest":2,"stat.pickup.botania.dirtRod":1,"stat.pickup.withercrumbs.crumb_star":10,"stat.useItem.extrautils2.miner":3,"stat.pickup.darkutils.charm_portal":1,"stat.useItem.enderio.itemItemConduit":622,"stat.craftItem.enderio.blockAlloySmelter":3,"stat.pickup.actuallyadditions.blockGiantChest":4,"stat.pickup.extrautils2.trashcan":3,"stat.pickup.environmentaltech.glass_clear":8,"stat.useItem.minecraft.wooden_pressure_plate":2,"ftbl.stat.first_joined":{"value":0,"progress":1529474228660},"stat.craftItem.hatchery.pen":3,"stat.pickup.hatchery.sprayer":1,"stat.craftItem.minecraft.sugar":40,"stat.craftItem.mysticalagriculture.gold_seeds":1,"stat.pickup.refinedstorage.exporter":25,"stat.pickup.minecraft.stone_slab":316,"stat.pickup.actuallyadditions.itemRiceSeed":41,"stat.pickup.minecraft.bone":85,"stat.pickup.actuallyadditions.itemCrystal":3,"stat.craftItem.minecraft.sticky_piston":2,"stat.pickup.minecraft.redstone_torch":14,"stat.pickup.chisel.planks-oak":24,"stat.useItem.mysticalagriculture.supremium_furnace":1,"stat.craftItem.betterbuilderswands.wandUnbreakable":7,"stat.useItem.enderstorage.enderStorage":20,"stat.mineBlock.minecraft.brown_mushroom":3,"stat.mineBlock.enderio.blockSagMill":1,"stat.craftItem.extrautils2.glasscutter":1,"stat.useItem.refinedstorage.controller":1,"stat.craftItem.mysticalagriculture.intermedium_essence":51,"stat.craftItem.minecraft.gold_block":12,"stat.pickup.lootbags.itemlootbag":12,"stat.useItem.fluxnetworks.FluxPoint":30,"stat.pickup.exnihiloadscensio.blockNetherrackCrushed":20,"stat.pickup.minecraft.anvil":2,"stat.craftItem.minecraft.quartz":108,"stat.pickup.mysticalagriculture.infusion_crystal":1,"stat.useItem.actuallyadditions.itemPickaxeQuartz":48,"stat.pickup.minecraft.cobblestone":2566,"stat.pickup.minecraft.soul_sand":9,"stat.pickup.mysticalagriculture.base_crafting_seed":1,"stat.pickup.minecraft.cactus":1,"stat.pickup.minecraft.redstone":312,"stat.craftItem.minecraft.dispenser":3,"stat.craftItem.minecraft.book":1,"stat.pickup.integrateddynamics.on_the_dynamics_of_integration":1,"stat.pickup.exnihiloadscensio.itemSeedCactus":9,"stat.mineBlock.fluxnetworks.FluxPlug":2,"stat.pickup.integrateddynamics.menrilSapling":2,"stat.craftItem.refinedstorage.core":11,"stat.pickup.draconicevolution.draconic_energy_core":2,"stat.pickup.tconstruct.smeltery_controller":1,"stat.useItem.tconstruct.edible":6,"stat.pickup.exnihiloadscensio.itemOreSilver":8,"stat.pickup.mysticalagriculture.wither_skeleton_seeds":172,"stat.pickup.minecraft.nether_star":42,"stat.useItem.extrautils2.angelblock":1,"stat.pickup.minecraft.paper":7,"stat.useItem.tconstruct.slime_dirt":3,"stat.useItem.extrautils2.passivegenerator":6,"stat.craftItem.minecraft.stick":88,"stat.craftItem.mysticalagriculture.inferium_block":4,"stat.useItem.extrautils2.soundmuffler":1,"stat.craftItem.minecraft.gold_nugget":135,"stat.mineBlock.refinedstorage.importer":4,"stat.mineBlock.minecraft.planks":28,"stat.drop":1,"stat.pickup.draconicevolution.draconic_core":21,"stat.killEntity.Sheep":3,"stat.pickup.enderio.itemMaterial":44,"stat.craftItem.minecraft.piston":3,"stat.pickup.immersiveengineering.shaderBag":5,"stat.useItem.exnihiloadscensio.itemMaterial":1,"stat.pickup.refinedstorage.importer":4,"stat.useItem.extrautils2.machine":13,"stat.useItem.mysticalagriculture.ultimate_furnace":2,"stat.mineBlock.minecraft.anvil":1,"stat.pickup.bigreactors.reactorglass":259,"stat.useItem.environmentaltech.controller_void_res_miner_1":1,"stat.pickup.excompressum.auto_heavy_sieve":2,"stat.pickup.minecraft.fence":5,"stat.craftItem.mysticalagriculture.lapis_lazuli_seeds":2,"stat.pickup.exnihiloadscensio.itemOreAluminium":14,"stat.killEntity.Rooster":2,"stat.useItem.refinedstorage.external_storage":26,"stat.boatOneCm":14044,"stat.craftItem.excompressum.auto_hammer":1,"stat.mineBlock.tconstruct.tooltables":2,"stat.craftItem.minecraft.iron_bars":96,"stat.pickup.minecraft.prismarine_shard":1801,"stat.mineBlock.extrautils2.user":2,"stat.craftItem.extrautils2.user":2,"stat.mineBlock.enderio.blockFarmStation":1,"stat.damageDealt":88706,"stat.craftItem.forge.bucketFilled":2,"stat.craftItem.rftools.logic_block":1,"stat.craftItem.immersiveengineering.storage":2,"stat.craftItem.enderio.itemBasicCapacitor":14,"stat.pickup.minecraft.stick":89,"stat.mineBlock.colossalchests.interface":1,"ftbl.stat.last_seen":{"value":0,"progress":1530634067291},"stat.craftItem.minecraft.writable_book":1,"stat.useItem.enderio.blockVacuumChest":3,"stat.useItem.bigreactors.reactorcontroller":1,"stat.craftItem.minecraft.redstone":1024,"stat.pickup.draconicevolution.draconium_block":1,"stat.pickup.actuallyadditions.itemDrill":3,"stat.craftItem.extrautils2.minichest":9,"stat.killEntity.Chicken":4,"stat.pickup.botania.avatar":1,"stat.useItem.enderio.blockTank":6,"stat.useItem.minecraft.golden_apple":5,"stat.craftItem.mysticalagriculture.mystical_tool_rod":2,"stat.mineBlock.minecraft.leaves":1632,"stat.useItem.tconstruct.longbow":13,"stat.pickup.actuallyadditions.itemPantsObsidian":2,"stat.pickup.enderio.itemConduitProbe":1,"stat.useItem.enderio.blockAlloySmelter":5,"stat.pickup.colossalchests.colossalChest":1,"stat.useItem.refinedstorage.grid":5,"stat.pickup.actuallyadditions.blockAtomicReconstructor":1,"stat.pickup.minecraft.wooden_slab":40,"stat.pickup.draconicevolution.draconium_dust":1,"stat.pickup.integrateddynamics.dryingBasin":1,"stat.leaveGame":23,"stat.craftItem.darkutils.material":4,"stat.mineBlock.colossalchests.chestWall":51,"stat.craftItem.mysticalagriculture.nickel_seeds":1,"stat.useItem.minecraft.glowstone":25,"stat.craftItem.minecraft.ender_eye":14,"stat.craftItem.mysticalagriculture.aluminum_seeds":1,"stat.useItem.elevatorid.elevator_white":10,"stat.mineBlock.gravestone.gravestone":5,"stat.useItem.tp.ReinforcedGlass":40,"stat.craftItem.exnihiloadscensio.itemOreGold":137,"stat.pickup.natura.materials":209,"stat.craftItem.mysticalagriculture.supremium_ingot":4,"stat.mineBlock.extrautils2.angelblock":1,"stat.mineBlock.minecraft.wooden_slab":35,"stat.pickup.enderio.itemExtractSpeedUpgrade":8,"stat.killEntity.Witch":1,"stat.craftItem.exnihiloadscensio.blockBarrel1":1,"stat.craftItem.exnihiloadscensio.blockBarrel0":4,"stat.craftItem.mysticalagriculture.inferium_essence":64,"stat.useItem.harvestcraft.donutItem":1,"stat.pickup.chisel.chisel_iron":1,"stat.craftItem.actuallyadditions.blockAtomicReconstructor":1,"stat.craftItem.excompressum.auto_compressor":3,"stat.craftItem.tp.iron_cobblegen_block":2,"stat.useItem.harvestcraft.pamcottonCrop":33,"stat.pickup.refinedstorage.quartz_enriched_iron":112,"stat.craftItem.exnihiloadscensio.itemMesh":10,"stat.pickup.minecraft.beef":4,"stat.pickup.chisel.stonebrick":47,"stat.pickup.actuallyadditions.itemPickaxeQuartz":1,"stat.craftItem.refinedstorage.cable":60,"achievement.openInventory":2481,"stat.craftItem.actuallyadditions.blockMisc":9,"stat.pickup.mysticalagriculture.diamond_essence":15,"stat.mineBlock.extrautils2.miner":2,"stat.craftItem.mysticalagriculture.superium_chestplate":3,"stat.pickup.tp.iron_cobblegen_block":4,"stat.pickup.exnihiloadscensio.itemSeedOak":5,"stat.craftItem.minecraft.dropper":6,"stat.useItem.minecraft.dye":183,"stat.pickup.harvestcraft.cottonItem":95,"stat.useItem.forge.bucketFilled":70,"stat.useItem.enderio.itemPowerConduit":262,"stat.pickup.refinedstorage.cable":90,"stat.craftItem.immersiveengineering.metal":64,"stat.craftItem.mysticalagriculture.superium_armor_core":4,"stat.mineBlock.ironchest.BlockIronChest":66,"stat.useItem.actuallyadditions.itemHoeQuartz":1,"stat.useItem.refinedstorage.cable":254,"stat.useItem.minecraft.stone":79,"stat.useItem.bigreactors.reactorglass":79,"stat.pickup.minecraft.arrow":205,"stat.pickup.minecraft.wooden_pressure_plate":2,"stat.killEntity.Ghast":1,"stat.mineBlock.chisel.dirt":4,"stat.pickup.chisel.carpet_white":1,"stat.craftItem.excompressum.auto_heavy_sieve":1,"stat.useItem.minecraft.clay":5,"stat.pickup.extrautils2.redstoneclock":3,"achievement.killCow":1,"stat.mineBlock.minecraft.chest":21,"stat.craftItem.enderio.itemBasicFilterUpgrade":12,"stat.craftItem.minecraft.hopper":16,"stat.mineBlock.integrateddynamics.dryingBasin":1,"stat.mineBlock.exnihiloadscensio.blockBarrel1":2,"stat.mineBlock.exnihiloadscensio.blockBarrel0":11,"stat.pickup.natura.edibles":7,"stat.pickup.actuallyadditions.blockCrystal":893,"stat.useItem.minecraft.reeds":1,"stat.pickup.ironchest.BlockIronChest":195,"stat.craftItem.draconicevolution.draconic_core":5,"stat.craftItem.minecraft.diamond_shovel":1,"stat.pickup.minecraft.wheat_seeds":85,"stat.mineBlock.minecraft.glass":4,"stat.pickup.enderio.itemAlloy":9,"stat.pickup.darkutils.material":4,"stat.mineBlock.mysticalagriculture.ultimate_furnace":1,"stat.mineBlock.minecraft.dirt":64,"stat.useItem.refinedstorage.solderer":1,"stat.pickup.immersiveengineering.seed":4,"stat.craftItem.refinedstorage.solderer":1,"stat.pickup.mysticalagriculture.charm_fire":1,"stat.craftItem.mysticalagriculture.copper_seeds":1,"stat.pickup.environmentaltech.hardened_stone_structure":25,"stat.useItem.minecraft.cobblestone":183,"stat.mineBlock.botania.avatar":1,"stat.useItem.minecraft.gravel":35,"stat.craftItem.extrautils2.angelblock":1,"stat.useItem.tp.emerald_cobblegen_block":24,"stat.pickup.minecraft.iron_pickaxe":3,"stat.mineBlock.chisel.stonebrick1":2,"stat.craftItem.chisel.chisel_iron":1,"stat.useItem.actuallyadditions.itemAxeObsidian":210,"stat.useItem.refinedstorage.exporter":45,"stat.pickup.minecraft.apple":9,"stat.mineBlock.chisel.carpet_white":1,"stat.mineBlock.fluxnetworks.FluxPoint":10,"stat.mineBlock.minecraft.log":219,"stat.craftItem.minecraft.paper":39,"stat.pickup.minecraft.wool":4,"stat.cakeSlicesEaten":9,"stat.craftItem.excompressum.auto_sieve":1,"stat.pickup.exnihiloadscensio.blockBarrel0":12,"stat.pickup.exnihiloadscensio.blockBarrel1":2,"stat.killEntity.headcrumbs.Human":26,"stat.useItem.minecraft.iron_axe":10,"stat.pickup.environmentaltech.hardened_stone_machine_base":20,"stat.pickup.draconicevolution.draconic_ingot":28,"stat.useItem.refinedstorage.disk_drive":15,"stat.useItem.minecraft.skull":48,"stat.pickup.colossalchests.chestWall":32,"achievement.actuallyadditions.getCrystalsMilestone":{"value":0,"progress":["15"]},"stat.pickup.minecraft.enchanted_book":1,"stat.pickup.minecraft.glowstone":16,"stat.pickup.hatchery.animalnet":1,"achievement.buildWorkBench":15,"stat.pickup.hatchery.fertilized_dirt":48,"stat.pickup.mysticalagriculture.yellorium_seeds":1,"stat.craftItem.mysticalagriculture.tier2_inferium_seeds":2,"stat.useItem.rftools.logic_block":12,"stat.craftItem.mysticalagriculture.supremium_apple":1,"stat.useItem.minecraft.egg":1,"stat.craftItem.mysticalagriculture.nature_cluster":4,"stat.craftItem.minecraft.bow":7,"stat.flyOneCm":9820554,"stat.craftItem.botania.dye":8,"stat.pickup.baconators.darkonator":3,"stat.timeSinceDeath":938340,"stat.pickup.rftoolsdim.dimlet_base":1,"stat.killEntity.Bat":1,"stat.pickup.hatchery.chickenmanure":28,"stat.useItem.actuallyadditions.itemPaxelCrystalGreen":93,"stat.craftItem.mysticalagriculture.energetic_alloy_seeds":1,"stat.mineBlock.enderio.blockCapBank":2,"stat.useItem.natura.overworld_seeds":2,"stat.pickup.extrautils2.ingredients":6,"stat.useItem.simplegenerators.lava_generator":11,"stat.pickup.minecraft.string":349,"stat.useItem.bigreactors.reactorpowertaprf":1,"stat.mineBlock.chisel.marbleextra":5,"stat.craftItem.mysticalagriculture.supremium_leggings":1,"stat.pickup.mysticalagriculture.supremium_helmet":1,"stat.useItem.minecraft.written_book":1,"stat.pickup.mysticalagriculture.lead_essence":1,"stat.craftItem.tconstruct.tooltables":1,"stat.craftItem.excompressum.heavy_sieve":3,"stat.craftItem.minecraft.wooden_pressure_plate":1,"achievement.killEnemy":178,"stat.pickup.refinedstorage.upgrade":133,"stat.pickup.chisel.laboratory":21,"stat.craftItem.minecraft.golden_sword":5,"stat.pickup.enderio.itemBasicFilterUpgrade":15,"stat.pickup.enderstorage.enderStorage":5,"stat.useItem.darkutils.chest_glass":2,"stat.diveOneCm":20259,"stat.pickup.fluxnetworks.FluxPlug":2,"stat.pickup.chisel.stonebrick1":2,"stat.pickup.tconstruct.tooltables":2,"stat.pickup.mysticalagriculture.ultimate_furnace":1,"achievement.buildHoe":7,"stat.pickup.mysticalagriculture.superium_boots":1,"stat.useItem.simplegenerators.lava_generator_2":4,"achievement.simplegenerators.craft_lava_gen":1,"stat.useItem.chisel.carpet_white":51,"stat.craftItem.minecraft.diamond_sword":1,"stat.jump":6911,"stat.useItem.minecraft.sand":8,"stat.pickup.enderio.blockAlloySmelter":2,"stat.pickup.mysticalagriculture.superium_leggings":1,"stat.pickup.mysticalagriculture.supremium_chestplate":1,"stat.craftItem.actuallyadditions.blockGiantChest":9,"stat.craftItem.exnihiloadscensio.itemOreLead":130,"stat.useItem.actuallyadditions.blockCrystalEmpowered":1,"stat.pickup.mysticalagriculture.soulium_dagger":1,"stat.useItem.minecraft.glass":15,"stat.mineBlock.excompressum.wooden_crucible":2,"stat.craftItem.minecraft.glowstone_dust":128,"stat.useItem.minecraft.sapling":36,"stat.craftItem.refinedstorage.importer":1,"stat.damageTaken":6221,"stat.useItem.extrautils2.redstoneclock":7,"stat.useItem.minecraft.end_crystal":20,"stat.mineBlock.minecraft.sapling":47,"stat.useItem.exnihiloadscensio.hammerIron":622,"stat.useItem.refinedstorage.detector":23,"stat.useItem.excompressum.auto_heavy_sieve":3,"stat.useItem.minecraft.chest":23,"stat.craftItem.mysticalagriculture.core_remover":1,"stat.craftItem.harvestcraft.pamcottonCrop":60,"stat.craftItem.enderio.itemAlloy":276,"stat.craftItem.mysticalagriculture.supremium_boots":1,"stat.pickup.minecraft.ender_pearl":9,"stat.useItem.minecraft.netherrack":5,"stat.craftItem.enderio.blockTank":5,"stat.craftItem.extrautils2.angelring":2,"stat.craftItem.chisel.concrete_powder":8,"stat.craftItem.mysticalagriculture.supremium_essence":135,"achievements.xu2.manual.mill":6,"stat.mineBlock.minecraft.glowstone":1,"stat.pickup.extrautils2.miner":2,"stat.mineBlock.chisel.laboratory":17,"stat.mineBlock.enderstorage.enderStorage":3,"stat.pickup.minecraft.torch":140,"stat.useItem.extrautils2.minichest":5,"stat.pickup.mysticalagriculture.blaze_chunk":5,"stat.pickup.mysticalagriculture.supremium_leggings":1,"stat.pickup.bigreactors.reactorfuelrod":14,"stat.craftItem.minecraft.iron_axe":1,"stat.useItem.minecraft.mutton":3,"stat.pickup.immersiveengineering.metalDevice1":9,"stat.useItem.minecraft.planks":39,"stat.pickup.minecraft.porkchop":20,"stat.pickup.minecraft.glass":2,"stat.craftItem.hatchery.nest":35,"stat.useItem.minecraft.water_bucket":58,"achievements.xu2.wrench":6480,"stat.pickup.minecraft.sand":395,"stat.craftItem.minecraft.golden_apple":10,"stat.pickup.colossalchests.interface":1,"stat.craftItem.exnihiloadscensio.blockCrucible":3,"stat.craftItem.extrautils2.redstoneclock":3,"stat.pickup.chisel.granite":4,"stat.craftItem.extrautils2.resonator":1,"stat.pickup.refinedstorage.crafter":5,"achievement.buildBetterPickaxe":1,"stat.pickup.actuallyadditions.itemBooklet":1,"stat.mineBlock.hatchery.fertilized_dirt":48,"stat.useItem.chisel.concrete_powder":2,"stat.pickup.chisel.concrete_powder":2,"stat.craftItem.refinedstorage.machine_casing":4,"stat.craftItem.cookingforblockheads.sink":5,"stat.useItem.minecraft.redstone":10,"stat.useItem.integrateddynamics.dryingBasin":1,"achievement.mineWood":55,"stat.mineBlock.excompressum.auto_heavy_sieve":2,"stat.craftItem.mysticalagriculture.prudentium_essence":88,"stat.pickup.minecraft.skull":4,"stat.mineBlock.extrautils2.passivegenerator":3,"stat.mineBlock.rftools.crafter3":9,"stat.craftItem.chisel.laboratory":8,"stat.pickup.rftools.logic_block":7,"stat.craftItem.moarsigns.moar_sign":3,"stat.mineBlock.darkutils.chest_glass":2,"stat.useItem.minecraft.hopper":1,"stat.craftItem.minecraft.heavy_weighted_pressure_plate":6,"stat.useItem.hatchery.animalnet":39,"stat.playOneMinute":3119540,"stat.pickup.tconstruct.rack":6,"stat.craftItem.mysticalagriculture.growth_accelerator":1,"stat.pickup.mysticalagriculture.iron_seeds":179,"stat.pickup.natura.overworld_seeds":9,"stat.useItem.tp.iron_cobblegen_block":4,"stat.pickup.minecraft.iron_bars":11,"stat.craftItem.mysticalagriculture.soulium_dagger":2,"stat.pickup.minecraft.dispenser":2,"stat.pickup.chisel.dirt":4,"stat.craftItem.immersiveengineering.metalDecoration2":24,"stat.craftItem.mysticalagriculture.tier5_inferium_seeds":1,"stat.craftItem.tp.cobblegen_block":4,"stat.mineBlock.minecraft.netherrack":20,"stat.mineBlock.minecraft.dispenser":3,"stat.craftItem.draconicevolution.wyvern_shovel":1,"stat.pickup.cookingforblockheads.cowJar":1,"stat.pickup.exnihiloadscensio.itemSeedBirch":5,"stat.craftItem.snad.snad":1,"stat.useItem.chisel.concrete":8,"stat.craftItem.mysticalagriculture.supremium_armor_core":4,"stat.mineBlock.bigreactors.reactorglass":8,"stat.pickup.mysticalagriculture.supremium_essence":42,"stat.fallOneCm":117772,"stat.useItem.bigreactors.reactorcasing":11,"stat.craftItem.draconicevolution.crafting_pedestal":1,"stat.craftItem.minecraft.chest":117,"stat.mineBlock.minecraft.lever":2,"stat.pickup.minecraft.red_mushroom":5,"stat.mineBlock.gyth.modular_tank":2,"stat.craftItem.tp.WateringCan":1,"stat.craftItem.extrautils2.miner":1,"stat.pickup.minecraft.feather":4,"stat.craftItem.colossalchests.interface":2,"stat.craftItem.draconicevolution.wyvern_core":1,"stat.pickup.mysticalagriculture.wither_skeleton_essence":15,"stat.pickup.mysticalagriculture.gold_seeds":3,"stat.mineBlock.refinedstorage.detector":10,"stat.useItem.refinedstorage.processing_pattern_encoder":1,"stat.mineBlock.minecraft.monster_egg":12,"stat.pickup.enderio.itemItemConduit":175,"stat.craftItem.mysticalagriculture.vibrant_alloy_seeds":1,"stat.pickup.actuallyadditions.blockCompost":1,"stat.mineBlock.enderio.blockConduitBundle":176,"stat.craftItem.mysticalagriculture.intermedium_armor_core":1,"stat.pickup.minecraft.log":870,"stat.mineBlock.chisel.concrete_powder":2,"stat.entityKilledBy.Enderman":1,"stat.craftItem.exnihiloadscensio.itemOreCopper":2,"stat.craftItem.enderio.itemItemConduit":56,"stat.pickup.quantumstorage.quantumdsu":11,"stat.pickup.tconstruct.broadsword":2,"stat.useItem.hatchery.nest":8,"stat.useItem.chisel.dirt":4,"stat.pickup.randomthings.lavaCharm":1,"stat.sneakTime":91525,"stat.useItem.tconstruct.slime_congealed":2,"stat.pickup.minecraft.chest":23,"stat.pickup.immersiveengineering.ore":1,"stat.craftItem.draconicevolution.wyvern_sword":1,"stat.craftItem.environmentaltech.hardened_stone_machine_base":2,"stat.craftItem.extrautils2.compressedcobblestone":9,"stat.swimOneCm":18235,"stat.pickup.tconstruct.arrow":1,"stat.mineBlock.rftools.logic_block":7,"stat.craftItem.mysticalagriculture.superium_leggings":3,"stat.useItem.minecraft.dirt":143,"achievement.exploreAllBiomes":{"value":0,"progress":["Birch Forest Hills","ForestHills","The Beneath","Roofed Forest","Birch Forest","Forest","Plains","Meneglin","The End","Hell"]},"stat.craftItem.draconicevolution.draconic_block":2,"stat.mineBlock.colossalchests.colossalChest":1,"stat.pickup.roots.verdantSprig":2,"stat.pickup.mysticalagriculture.yellorium_essence":1,"stat.craftItem.draconicevolution.draconic_ingot":72,"stat.useItem.exnihiloadscensio.blockBarrel0":17,"stat.pickup.minecraft.clay":3,"stat.useItem.exnihiloadscensio.blockBarrel1":2,"stat.craftItem.minecraft.wooden_slab":12,"stat.useItem.tconstruct.broadsword":1,"stat.pickup.actuallyadditions.itemFood":42,"stat.pickup.minecraft.mutton":6,"stat.useItem.extrautils2.user":4,"stat.useItem.enderio.blockFarmStation":3,"stat.useItem.minecraft.lever":7,"stat.craftItem.environmentaltech.glass_clear":11,"stat.useItem.enderio.blockSagMill":12,"stat.pickup.enderio.blockFarmStation":1,"stat.pickup.chisel.chisel_diamond":1,"achievements.xu2.techtree.start":833,"stat.craftItem.mysticalagriculture.nether_quartz_seeds":1,"stat.craftItem.draconicevolution.tool_upgrade":5,"stat.pickup.exnihiloadscensio.hammerIron":4,"stat.mineBlock.extrautils2.trashcan":4,"stat.mineBlock.chisel.concrete":6,"stat.useItem.beneath.teleporterbeneath":1,"stat.craftItem.mysticalagriculture.glowstone_seeds":1,"stat.pickup.enderio.itemLiquidConduit":157,"stat.craftItem.mysticalagriculture.dye_cluster":4,"stat.useItem.minecraft.stone_slab":4,"stat.craftItem.draconicevolution.wyvern_energy_core":1,"stat.useItem.refinedstorage.importer":13,"stat.craftItem.darkutils.chest_glass":1,"stat.craftItem.minecraft.stone":66,"stat.craftItem.betterbuilderswands.wandIron":2,"stat.pickup.mysticalagriculture.diamond_seeds":4,"stat.pickup.environmentaltech.tool_multiblock_assembler":1,"stat.pickup.chisel.concrete":172,"stat.craftItem.minecraft.diamond_pickaxe":1,"stat.craftItem.draconicevolution.wyvern_pick":1,"stat.mineBlock.enderio.blockVacuumChest":2,"stat.craftItem.mysticalagriculture.dirt_seeds":1,"stat.useItem.excompressum.auto_sieve":1,"stat.pickup.minecraft.gravel":194,"stat.craftItem.draconicevolution.wyvern_bow":1,"stat.useItem.minecraft.glass_bottle":18,"stat.useItem.extrautils2.compressedcobblestone":1,"stat.craftItem.immersiveengineering.metalDevice1":14,"stat.mineBlock.tconstruct.smeltery_controller":1,"stat.useItem.simpleachievements.achievement_stand":1,"stat.pickup.tp.ReinforcedGlass":4,"stat.pickup.extrautils2.goldenlasso":1,"stat.craftItem.fluxnetworks.FluxPoint":1,"stat.useItem.cookingforblockheads.sink":12,"stat.mineBlock.quantumstorage.quantumdsu":11,"stat.mineBlock.tconstruct.slime_dirt":1,"stat.pickup.extrautils2.user":2,"stat.pickup.actuallyadditions.itemBootsObsidian":1,"stat.craftItem.enderio.itemPowerConduit":40,"stat.mineBlock.refinedstorage.disk_drive":1,"stat.pickup.actuallyadditions.itemPaxelCrystalGreen":2,"stat.useItem.tconstruct.tooltables":3,"stat.craftItem.minecraft.bread":46,"stat.craftItem.simpleachievements.achievement_stand":1,"stat.pickup.minecraft.spider_eye":3,"stat.pickup.tconstruct.slime_congealed":1,"stat.craftItem.mysticalagriculture.superium_boots":3,"stat.mineBlock.minecraft.iron_bars":9,"stat.useItem.enderio.blockVat":1,"stat.pickup.mysticalagriculture.experience_chunk":3,"stat.pickup.minecraft.leather":3,"stat.useItem.exnihiloadscensio.itemSeedCactus":1,"stat.craftItem.exnihiloadscensio.crookWood":1,"stat.craftItem.colossalchests.chestWall":30,"stat.dispenserInspected":6,"stat.pickup.minecraft.reeds":2,"stat.pickup.mysticalagriculture.fertilized_essence":2,"stat.pickup.exnihiloadscensio.itemOreIron":97,"stat.craftItem.mysticalagriculture.tier1_crafting_seed":24,"stat.pickup.tconstruct.materials":1,"stat.pickup.draconicevolution.awakened_core":2,"stat.craftItem.minecraft.glass":64,"stat.pickup.exnihiloadscensio.itemSeedCarrot":2,"stat.craftItem.minecraft.cauldron":4,"stat.pickup.botania.dye":1,"stat.killEntity.Cow":1,"stat.mineBlock.excompressum.heavy_sieve":2,"stat.killEntity.Pig":6,"stat.walkOneCm":2982168,"stat.pickup.minecraft.clay_ball":256,"stat.craftItem.elevatorid.elevator_white":5,"stat.craftItem.mysticalagriculture.superium_apple":1,"stat.pickup.extrautils2.minichest":2,"stat.pickup.mysticalagriculture.inferium_essence":1654,"stat.pickup.refinedstorage.disk_drive":1,"stat.useItem.betterbuilderswands.wandDiamond":341,"stat.useItem.exnihiloadscensio.blockSieve":8,"stat.pickup.minecraft.stone":6,"stat.pickup.mysticalagriculture.superium_helmet":1,"stat.pickup.minecraft.gold_ingot":16,"stat.killEntity.Skeleton":27,"stat.mineBlock.minecraft.cactus":1,"stat.craftItem.minecraft.skull":1,"stat.mineBlock.minecraft.redstone_torch":1,"stat.useItem.chisel.granite":4,"stat.killEntity.Spider":9,"stat.craftItem.exnihiloadscensio.hammerDiamond":19,"stat.pickup.tconstruct.longbow":2,"stat.pickup.minecraft.bread":137,"stat.pickup.exnihiloadscensio.blockDust":64,"stat.craftItem.simplegenerators.lava_generator":1,"stat.pickup.enderio.blockCapBank":3,"stat.pickup.storagedrawers.basicDrawers":3,"stat.pickup.minecraft.quartz":1796,"stat.useItem.excompressum.wooden_crucible":2,"stat.craftItem.extrautils2.trashcan":5,"stat.useItem.bigreactors.reactorcontrolrod":1,"stat.mineBlock.extrautils2.redstoneclock":4,"stat.pickup.mysticalagriculture.supremium_boots":1,"stat.craftItem.minecraft.coal_block":1,"stat.mineBlock.chisel.planks-oak":6,"stat.useItem.actuallyadditions.blockAtomicReconstructor":2,"stat.mineBlock.minecraft.stone":6517,"stat.useItem.tconstruct.smeltery_controller":1,"stat.mineBlock.mob_grinding_utils.spikes":4,"stat.pickup.betterbuilderswands.wandIron":2,"stat.useItem.excompressum.auto_compressed_hammer":2,"stat.mineBlock.refinedstorage.crafter":5}